product_name,total_price,unit_price,img,link,supermarket
J.James Free Range Eggs Mixed Weight x10,110.0,11p / ea,https://assets.sainsburys-groceries.co.uk/gol/8008268/image.jpg,https://www.sainsburys.co.uk/shop/gb/groceries/product/details/j-james-fr-mixed-weight-eggs-x10,Sainsburys
"Sainsbury's Woodland Free Range Golden Yolked Mixed Weight Eggs, Taste the Diffe...",190.0,32p / ea,https://assets.sainsburys-groceries.co.uk/gol/6407203/image.jpg,https://www.sainsburys.co.uk/shop/gb/groceries/product/details/sainsburys-golden-yolked-free-range-eggs--taste-the-difference-x6,Sainsburys
Two Chicks Liquid Egg White 500g,250.0,50p / 100g,https://assets.sainsburys-groceries.co.uk/gol/6755369/image.jpg,https://www.sainsburys.co.uk/shop/gb/groceries/product/details/two-chicks-liquid-egg-white-500g,Sainsburys
Sainsbury's Woodland Free Range Large Eggs x12,205.0,17p / ea,https://assets.sainsburys-groceries.co.uk/gol/6468897/image.jpg,https://www.sainsburys.co.uk/shop/gb/groceries/product/details/sainsburys-free-range-large-eggs-x12,Sainsburys
Sainsbury's Woodland Free Range Large Eggs x6,110.0,18p / ea,https://assets.sainsburys-groceries.co.uk/gol/6334094/image.jpg,https://www.sainsburys.co.uk/shop/gb/groceries/product/details/sainsburys-free-range-woodland-large-eggs-x6,Sainsburys
Sainsbury's Woodland Free Range Medium Eggs x12,170.0,14p / ea,https://assets.sainsburys-groceries.co.uk/gol/6468901/image.jpg,https://www.sainsburys.co.uk/shop/gb/groceries/product/details/sainsburys-free-range-woodland-medium-eggs-x12,Sainsburys
Sainsbury's Woodland Free Range Medium Eggs x6,90.0,15p / ea,https://assets.sainsburys-groceries.co.uk/gol/6334096/image.jpg,https://www.sainsburys.co.uk/shop/gb/groceries/product/details/sainsburys-free-range-woodland-medium-eggs-x6,Sainsburys
"Sainsbury's Woodland Free Range Large Eggs, SO Organic x6",215.0,36p / ea,https://assets.sainsburys-groceries.co.uk/gol/6379763/image.jpg,https://www.sainsburys.co.uk/shop/gb/groceries/product/details/sainsburys-free-range-woodland-large-eggs--so-organic-x6,Sainsburys
Happy Egg Large Free Range Eggs x6,175.0,29p / ea,https://assets.sainsburys-groceries.co.uk/gol/6921094/image.jpg,https://www.sainsburys.co.uk/shop/gb/groceries/product/details/happy-egg-large-free-range-eggs-x6,Sainsburys
"Sainsbury's Woodland Free Range Medium Eggs, SO Organic x6",180.0,30p / ea,https://assets.sainsburys-groceries.co.uk/gol/6379768/image.jpg,https://www.sainsburys.co.uk/shop/gb/groceries/product/details/sainsburys-free-range-woodland-medium-eggs--so-organic-x6,Sainsburys
Happy Egg Large Free Range Eggs x10,275.0,28p / ea,https://assets.sainsburys-groceries.co.uk/gol/7184395/image.jpg,https://www.sainsburys.co.uk/shop/gb/groceries/product/details/happy-egg-large-free-range-eggs-x10,Sainsburys
Sainsbury's Woodland Free Range Very Large Eggs x6,160.0,27p / ea,https://assets.sainsburys-groceries.co.uk/gol/6468905/image.jpg,https://www.sainsburys.co.uk/shop/gb/groceries/product/details/sainsburys-woodland-free-range-very-large-eggs-x6,Sainsburys
Clarence Court Burford Browns Free Range Eggs x10 500g,375.0,38p / ea,https://assets.sainsburys-groceries.co.uk/gol/7883240/image.jpg,https://www.sainsburys.co.uk/shop/gb/groceries/product/details/clarence-court-burford-browns-free-range-eggs-x10-500g,Sainsburys
Clarence Court Old Cotswold Legbar Eggs x6,235.0,39p / ea,https://assets.sainsburys-groceries.co.uk/gol/3561256/image.jpg,https://www.sainsburys.co.uk/shop/gb/groceries/product/details/clarence-court-old-cotswold-legbar-eggs-x6,Sainsburys
Sainsbury's Free Range British Eggs Medium x15,200.0,13p / ea,https://assets.sainsburys-groceries.co.uk/gol/8008635/image.jpg,https://www.sainsburys.co.uk/shop/gb/groceries/product/details/sainsburys-free-range-eggs-medium-x15,Sainsburys
Clarence Court Mabel Pearmans's Burford Browns Large Free Range Eggs x6,250.0,42p / ea,https://assets.sainsburys-groceries.co.uk/gol/7984249/image.jpg,https://www.sainsburys.co.uk/shop/gb/groceries/product/details/clarence-court-mabel-pearmanss-burford-browns-large-free-range-eggs-x6,Sainsburys
Sainsbury's Woodland Free Range Eggs Rich in Omega 3 Mixed Weight x6,165.0,28p / ea,https://assets.sainsburys-groceries.co.uk/gol/7610274/image.jpg,https://www.sainsburys.co.uk/shop/gb/groceries/product/details/sainsburys-free-range-woodland-eggs-rich-in-omega-3-x6,Sainsburys
The Happy Egg Co. Free Range Mixed Sizes x10 497g,200.0,20p / ea,https://assets.sainsburys-groceries.co.uk/gol/7851358/image.jpg,https://www.sainsburys.co.uk/shop/gb/groceries/product/details/happy-egg-mixed-weight-x10,Sainsburys
Purely Organic Organic Free Range Eggs x10 540g,300.0,30p / ea,https://assets.sainsburys-groceries.co.uk/gol/8008511/image.jpg,https://www.sainsburys.co.uk/shop/gb/groceries/product/details/purely-orangic-mixed-weight-eggs-x10,Sainsburys
Mixed Weight Free Range Eggs x6,110.0,18p / ea,https://assets.sainsburys-groceries.co.uk/gol/8025182/image.jpg,https://www.sainsburys.co.uk/shop/gb/groceries/product/details/mixed-weight-free-range-eggs-x6,Sainsburys
OGGS Aquafaba Egg Alternative 200ml,195.0,98p / 100ml,https://assets.sainsburys-groceries.co.uk/gol/8023454/image.jpg,https://www.sainsburys.co.uk/shop/gb/groceries/product/details/oggs-aquafaba-200ml,Sainsburys
Sainsbury's Free Range Fresh Egg Noodles 410g,125.0,30p / 100g,https://assets.sainsburys-groceries.co.uk/gol/7282459/image.jpg,https://www.sainsburys.co.uk/shop/gb/groceries/product/details/sainsburys-free-range-fresh-egg-noodles-410g,Sainsburys
Sainsbury's Fresh Egg Fusilli 500g,175.0,£3.50 / kg,https://assets.sainsburys-groceries.co.uk/gol/6280588/image.jpg,https://www.sainsburys.co.uk/shop/gb/groceries/product/details/sainsburys-fresh-egg-fusilli-500g,Sainsburys
Sharwood's Medium Egg Noodles 340g,175.0,£5.15 / kg,https://assets.sainsburys-groceries.co.uk/gol/6340517/image.jpg,https://www.sainsburys.co.uk/shop/gb/groceries/product/details/sharwoods-medium-egg-noodles-375g,Sainsburys
Sainsbury's Egg Custard Tarts 4x81g,120.0,30p / ea,https://assets.sainsburys-groceries.co.uk/gol/1294934/image.jpg,https://www.sainsburys.co.uk/shop/gb/groceries/product/details/sainsburys-free-range-egg-custard-tarts-x4,Sainsburys
Cadbury Creme Egg Single 40g,35.0,35p / ea,https://assets.sainsburys-groceries.co.uk/gol/2536507/image.jpg,https://www.sainsburys.co.uk/shop/gb/groceries/product/details/cadbury-creme-egg-single-40g,Sainsburys
Sainsbury's Fresh Egg Lasagne Sheets 250g,100.0,£4.00 / kg,https://assets.sainsburys-groceries.co.uk/gol/636162/image.jpg,https://www.sainsburys.co.uk/shop/gb/groceries/product/details/sainsburys-fresh-egg-lasagne-sheets-250g,Sainsburys
Sainsbury's Fresh Egg Penne 500g,130.0,£2.60 / kg,https://assets.sainsburys-groceries.co.uk/gol/636094/image.jpg,https://www.sainsburys.co.uk/shop/gb/groceries/product/details/sainsburys-fresh-penne-pasta-500g,Sainsburys
Happy Egg Medium Free Range Eggs x6,155.0,26p / ea,https://assets.sainsburys-groceries.co.uk/gol/6921050/image.jpg,https://www.sainsburys.co.uk/shop/gb/groceries/product/details/happy-egg-medium-free-range-eggs-x6,Sainsburys
Sainsbury's Scotch Eggs x2 226g,120.0,53p / 100g,https://assets.sainsburys-groceries.co.uk/gol/4237/image.jpg,https://www.sainsburys.co.uk/shop/gb/groceries/product/details/sainsburys-scotch-eggs-x2-226g,Sainsburys
Sainsbury's Egg Bites x12 222g,100.0,46p / 100g,https://assets.sainsburys-groceries.co.uk/gol/388061/image.jpg,https://www.sainsburys.co.uk/shop/gb/groceries/product/details/sainsburys-egg-bites-x12-240g,Sainsburys
Sainsbury's Egg Custard Tarts 2x81g,80.0,49p / 100g,https://assets.sainsburys-groceries.co.uk/gol/1299106/image.jpg,https://www.sainsburys.co.uk/shop/gb/groceries/product/details/sainsburys-free-range-egg-custard-tarts-2x85g,Sainsburys
Cadbury Mini Eggs Bag 80g,100.0,£1.25 / 100g,https://assets.sainsburys-groceries.co.uk/gol/2317755/image.jpg,https://www.sainsburys.co.uk/shop/gb/groceries/product/details/cadbury-mini-eggs-bag-90g,Sainsburys
Sainsbury's Fresh Egg Tagliatelle 500g,130.0,£2.60 / kg,https://assets.sainsburys-groceries.co.uk/gol/636056/image.jpg,https://www.sainsburys.co.uk/shop/gb/groceries/product/details/sainsburys-fresh-tagliatelle-500g,Sainsburys
Sainsbury's Egg Mayo Deli Filler 220g,155.0,70p / 100g,https://assets.sainsburys-groceries.co.uk/gol/7467280/image.jpg,https://www.sainsburys.co.uk/shop/gb/groceries/product/details/sainsburys-egg-mayonnaise-deli-filler-230g,Sainsburys
Sainsbury's Fresh Egg Spaghetti 500g,175.0,£3.50 / kg,https://assets.sainsburys-groceries.co.uk/gol/636155/image.jpg,https://www.sainsburys.co.uk/shop/gb/groceries/product/details/sainsburys-fresh-spaghetti-500g,Sainsburys
Sainsbury's Scotch Eggs x4 452g,165.0,36p / 100g,https://assets.sainsburys-groceries.co.uk/gol/6881080/image.jpg,https://www.sainsburys.co.uk/shop/gb/groceries/product/details/sainsburys-scotch-eggs-x4-452g,Sainsburys
Uncle Ben's Special Microwave Rice Egg Fried 250g,100.0,£4.00 / kg,https://assets.sainsburys-groceries.co.uk/gol/3709160/image.jpg,https://www.sainsburys.co.uk/shop/gb/groceries/product/details/uncle-bens-special-microwaveable-rice-egg-fried-250g,Sainsburys
Sainsbury's Duck In Plum Sauce With Egg Fried Rice 400g (Serves 1),300.0,£7.50 / kg,https://assets.sainsburys-groceries.co.uk/gol/6477738/image.jpg,https://www.sainsburys.co.uk/shop/gb/groceries/product/details/sainsburys-duck-in-plum-sauce-with-egg-fried-rice-450g,Sainsburys
Sainsbury's Microwave Rice Egg Fried 250g,70.0,£2.80 / kg,https://assets.sainsburys-groceries.co.uk/gol/7497401/image.jpg,https://www.sainsburys.co.uk/shop/gb/groceries/product/details/sainsburys-2---min-egg-fried-rice,Sainsburys
"Sainsbury's Scotch Egg, Taste the Difference 140g",130.0,93p / 100g,https://assets.sainsburys-groceries.co.uk/gol/7464642/image.jpg,https://www.sainsburys.co.uk/shop/gb/groceries/product/details/sainsburys-scotch-egg--taste-the-difference,Sainsburys
Sharwood's Fine Egg Noodles 340g,175.0,£5.15 / kg,https://assets.sainsburys-groceries.co.uk/gol/6340297/image.jpg,https://www.sainsburys.co.uk/shop/gb/groceries/product/details/sharwoods-fine-egg-noodles-375g,Sainsburys
"Sainsbury's Egg Bites, Mini x18 216g",200.0,93p / 100g,https://assets.sainsburys-groceries.co.uk/gol/7563390/image.jpg,https://www.sainsburys.co.uk/shop/gb/groceries/product/details/sainsburys-mini-egg-bites-x18-216g,Sainsburys
Cadbury Dairy Milk Buttons Easter Egg & Chocolate Bag 74g,100.0,£1.35 / 100g,https://assets.sainsburys-groceries.co.uk/gol/2106182/image.jpg,https://www.sainsburys.co.uk/shop/gb/groceries/product/details/cadbury-dairy-milk-buttons-medium-easter-egg-128g,Sainsburys
Sainsbury's Egg Mayo Deli Filler 385g,235.0,61p / 100g,https://assets.sainsburys-groceries.co.uk/gol/6772677/image.jpg,https://www.sainsburys.co.uk/shop/gb/groceries/product/details/sainsburys-deli-filler-egg-mayonnaise-sandwich-400g,Sainsburys
Sainsbury's Egg & Bacon Deli Filler 220g,155.0,70p / 100g,https://assets.sainsburys-groceries.co.uk/gol/7467148/image.jpg,https://www.sainsburys.co.uk/shop/gb/groceries/product/details/sainsburys-egg---bacon-deli-filler-230g,Sainsburys
Maltesers Chocolate Medium Easter Egg 127g,125.0,98p / 100g,https://assets.sainsburys-groceries.co.uk/gol/3619483/image.jpg,https://www.sainsburys.co.uk/shop/gb/groceries/product/details/maltesers-chocolate-medium-easter-egg-127g,Sainsburys
Sainsbury's Potato & Egg Salad Bowl 300g,200.0,67p / 100g,https://assets.sainsburys-groceries.co.uk/gol/7282644/image.jpg,https://www.sainsburys.co.uk/shop/gb/groceries/product/details/sainsburys-potato---egg-salad-290g,Sainsburys
Kinder Surprise Eggs 3x20,189.0,£3.15 / 100g,https://assets.sainsburys-groceries.co.uk/gol/3320105/image.jpg,https://www.sainsburys.co.uk/shop/gb/groceries/product/details/kinder-surprise-chocolate-egg-x3-60g,Sainsburys
Cadbury Mini Eggs Medium Easter Egg 130g,125.0,96p / 100g,https://assets.sainsburys-groceries.co.uk/gol/6363079/image.jpg,https://www.sainsburys.co.uk/shop/gb/groceries/product/details/cadbury-mini-eggs-medium-easter-egg-130g,Sainsburys
Sainsbury's Italian Fresh Egg Linguine 500g,175.0,£3.50 / kg,https://assets.sainsburys-groceries.co.uk/gol/6464744/image.jpg,https://www.sainsburys.co.uk/shop/gb/groceries/product/details/sainsburys-fresh-tagliolini-500g,Sainsburys
Sainsbury's Egg Fried Rice 400g (Serves 2),190.0,£4.75 / kg,https://assets.sainsburys-groceries.co.uk/gol/7768021/image.jpg,https://www.sainsburys.co.uk/shop/gb/groceries/product/details/sainsburys-egg-fried-rice-400g,Sainsburys
Tilda Microwave Steamed Basmati Egg Fried 250g,100.0,£4.00 / kg,https://assets.sainsburys-groceries.co.uk/gol/6567502/image.jpg,https://www.sainsburys.co.uk/shop/gb/groceries/product/details/tilda-steamed-basmati-egg-fried-250g,Sainsburys
Sainsbury's Pork & Egg Lattice Gala Pie 450g,270.0,60p / 100g,https://assets.sainsburys-groceries.co.uk/gol/7464539/image.jpg,https://www.sainsburys.co.uk/shop/gb/groceries/product/details/sainsburys-lattice-gala-pork---egg-pie-450g,Sainsburys
Quorn Picnic Eggs 180g,150.0,£8.33 / kg,https://assets.sainsburys-groceries.co.uk/gol/7978363/image.jpg,https://www.sainsburys.co.uk/shop/gb/groceries/product/details/quorn-picnic-eggs-180g,Sainsburys
Sainsbury's Milk Chocolate Mini Eggs 85g,80.0,94p / 100g,https://assets.sainsburys-groceries.co.uk/gol/6507240/image.jpg,https://www.sainsburys.co.uk/shop/gb/groceries/product/details/sainsburys-milk-chocolate-mini-eggs-85g,Sainsburys
Maltesers Bunny Chocolate Mini Bunnies Small Easter Egg 80g,100.0,£1.25 / 100g,https://assets.sainsburys-groceries.co.uk/gol/7730778/image.jpg,https://www.sainsburys.co.uk/shop/gb/groceries/product/details/maltesers-bunny-chocolate-mini-bunnies-small-easter-egg-80g,Sainsburys
"Kinder Surprise Chocolate Egg, With Gift 20g",90.0,£4.50 / 100g,https://assets.sainsburys-groceries.co.uk/gol/2733265/image.jpg,https://www.sainsburys.co.uk/shop/gb/groceries/product/details/kinder-surprise-chocolate-egg--with-gift-20g,Sainsburys
Sainsbury's Fine Egg Noodles 250g,100.0,40p / 100g,https://assets.sainsburys-groceries.co.uk/gol/7911254/image.jpg,https://www.sainsburys.co.uk/shop/gb/groceries/product/details/sainsburys-fine-egg-noodles-250g,Sainsburys
Sainsbury's Fresh Egg Multigrain Tagliatelle 500g,175.0,£3.50 / kg,https://assets.sainsburys-groceries.co.uk/gol/6364954/image.jpg,https://www.sainsburys.co.uk/shop/gb/groceries/product/details/sainsburys-multi-grain-tagliatelle--be-good-to-yourself-500g,Sainsburys
Tesco Large Free Range Eggs 12 Pack,205.0,£0.17/each,https://img.tesco.com/Groceries/pi/457/5051140150457/IDShot_225x225.jpg,https://www.tesco.com/groceries/en-GB/products/260298456,Tesco
Tesco Medium Free Range Eggs 12 Pack,169.0,£0.14/each,https://img.tesco.com/Groceries/pi/471/5051140150471/IDShot_225x225.jpg,https://www.tesco.com/groceries/en-GB/products/260298462,Tesco
Tesco Large Free Range Eggs 6 Pack,110.0,£0.18/each,https://img.tesco.com/Groceries/pi/303/5018374888303/IDShot_225x225.jpg,https://www.tesco.com/groceries/en-GB/products/250802567,Tesco
Happy Egg Co. Free Range Eggs 12 Large,295.0,£0.25/each,https://img.tesco.com/Groceries/pi/105/5000326011105/IDShot_225x225.jpg,https://www.tesco.com/groceries/en-GB/products/300951423,Tesco
Tesco Medium Free Range Eggs 6 Pack,89.0,£0.15/each,"data:image/gif;base64,R0lGODlhAQABAAAAACH5BAEKAAEALAAAAAABAAEAAAICTAEAOw==",https://www.tesco.com/groceries/en-GB/products/250802613,Tesco
Clarence Court Burford Browns Free Range Eggs 6 Pack,250.0,£0.42/each,"data:image/gif;base64,R0lGODlhAQABAAAAACH5BAEKAAEALAAAAAABAAEAAAICTAEAOw==",https://www.tesco.com/groceries/en-GB/products/301868215,Tesco
Big & Fresh Mixed Sized Eggs 10 Pack,175.0,£0.18/each,"data:image/gif;base64,R0lGODlhAQABAAAAACH5BAEKAAEALAAAAAABAAEAAAICTAEAOw==",https://www.tesco.com/groceries/en-GB/products/251744530,Tesco
Tesco 15 Eggs,118.0,£0.08/each,"data:image/gif;base64,R0lGODlhAQABAAAAACH5BAEKAAEALAAAAAABAAEAAAICTAEAOw==",https://www.tesco.com/groceries/en-GB/products/299626009,Tesco
Tesco Mixed Sized Free Range Eggs 15 Pack,200.0,£0.13/each,"data:image/gif;base64,R0lGODlhAQABAAAAACH5BAEKAAEALAAAAAABAAEAAAICTAEAOw==",https://www.tesco.com/groceries/en-GB/products/265422924,Tesco
Happy Egg Free Range Eggs Large 6 Pack,165.0,£0.28/each,"data:image/gif;base64,R0lGODlhAQABAAAAACH5BAEKAAEALAAAAAABAAEAAAICTAEAOw==",https://www.tesco.com/groceries/en-GB/products/264328992,Tesco
Tesco Mixed Sized Organic Eggs 6 Pack,180.0,£0.30/each,"data:image/gif;base64,R0lGODlhAQABAAAAACH5BAEKAAEALAAAAAABAAEAAAICTAEAOw==",https://www.tesco.com/groceries/en-GB/products/268263786,Tesco
Tesco Finest 6 Free Range Bluebell Aurancana Eggs,190.0,£0.32/each,"data:image/gif;base64,R0lGODlhAQABAAAAACH5BAEKAAEALAAAAAABAAEAAAICTAEAOw==",https://www.tesco.com/groceries/en-GB/products/277393000,Tesco
Happy Egg Co. Free Range Eggs 12 Medium,265.0,£0.22/each,"data:image/gif;base64,R0lGODlhAQABAAAAACH5BAEKAAEALAAAAAABAAEAAAICTAEAOw==",https://www.tesco.com/groceries/en-GB/products/300951446,Tesco
Purely Organic Eggs Mixed Weight 10 Pack,300.0,£0.30/each,"data:image/gif;base64,R0lGODlhAQABAAAAACH5BAEKAAEALAAAAAABAAEAAAICTAEAOw==",https://www.tesco.com/groceries/en-GB/products/301810088,Tesco
Happy Egg Free Range Eggs Medium 6 Pack,140.0,£0.23/each,"data:image/gif;base64,R0lGODlhAQABAAAAACH5BAEKAAEALAAAAAABAAEAAAICTAEAOw==",https://www.tesco.com/groceries/en-GB/products/264328894,Tesco
Tesco 6 Eggs,70.0,£0.12/each,"data:image/gif;base64,R0lGODlhAQABAAAAACH5BAEKAAEALAAAAAABAAEAAAICTAEAOw==",https://www.tesco.com/groceries/en-GB/products/299625707,Tesco
Happy Egg Co. Free Range Eggs 10 Mixed Weight,220.0,£0.22/each,"data:image/gif;base64,R0lGODlhAQABAAAAACH5BAEKAAEALAAAAAABAAEAAAICTAEAOw==",https://www.tesco.com/groceries/en-GB/products/295693390,Tesco
Rymer Farm Eggs Large Free Range 12 Eggs (L),300.0,£0.25/each,"data:image/gif;base64,R0lGODlhAQABAAAAACH5BAEKAAEALAAAAAABAAEAAAICTAEAOw==",https://www.tesco.com/groceries/en-GB/products/285527920,Tesco
Rymer Farm Eggs Large Free Range 6 Eggs,180.0,£0.30/each,"data:image/gif;base64,R0lGODlhAQABAAAAACH5BAEKAAEALAAAAAABAAEAAAICTAEAOw==",https://www.tesco.com/groceries/en-GB/products/280418591,Tesco
Big & Fresh Mixed Sized Eggs 6 Pack,115.0,£0.19/each,"data:image/gif;base64,R0lGODlhAQABAAAAACH5BAEKAAEALAAAAAABAAEAAAICTAEAOw==",https://www.tesco.com/groceries/en-GB/products/253270171,Tesco
Clarence Court Braddock White Duck Free Range Eggs 6 Pack,250.0,£0.42/each,"data:image/gif;base64,R0lGODlhAQABAAAAACH5BAEKAAEALAAAAAABAAEAAAICTAEAOw==",https://www.tesco.com/groceries/en-GB/products/301868250,Tesco
Clarence Court Old Cotswold Free Range Eggs 6 Pack,225.0,£0.38/each,"data:image/gif;base64,R0lGODlhAQABAAAAACH5BAEKAAEALAAAAAABAAEAAAICTAEAOw==",https://www.tesco.com/groceries/en-GB/products/301868238,Tesco
Big & Free Large White Free Range Eggs 10 Pack,200.0,£0.20/each,"data:image/gif;base64,R0lGODlhAQABAAAAACH5BAEKAAEALAAAAAABAAEAAAICTAEAOw==",https://www.tesco.com/groceries/en-GB/products/306934262,Tesco
Sainsbury's Fairtrade Bananas Loose,73.0, / kg,https://assets.sainsburys-groceries.co.uk/gol/1196757/image.jpg,https://www.sainsburys.co.uk/shop/gb/groceries/product/details/sainsburys-loose-fairtrade-bananas,Sainsburys
Sainsbury's Fairtrade Bananas x5,69.0,14p / ea,https://assets.sainsburys-groceries.co.uk/gol/7430790/image.jpg,https://www.sainsburys.co.uk/shop/gb/groceries/product/details/sainsburys-fairtrade-bananas-x5,Sainsburys
Sainsbury's Fairtrade Bananas x8,110.0,14p / ea,https://assets.sainsburys-groceries.co.uk/gol/7553276/image.jpg,https://www.sainsburys.co.uk/shop/gb/groceries/product/details/sainsburys-fairtrade-bananas-x8,Sainsburys
"Sainsbury's Small Bananas, Fairtrade x8",105.0,13p / ea,https://assets.sainsburys-groceries.co.uk/gol/343510/image.jpg,https://www.sainsburys.co.uk/shop/gb/groceries/product/details/sainsburys-eric---friends-small-bananas--fairtrade-x8,Sainsburys
"Sainsbury's Fairtrade Bananas, SO Organic x6",135.0,23p / ea,https://assets.sainsburys-groceries.co.uk/gol/1129441/image.jpg,https://www.sainsburys.co.uk/shop/gb/groceries/product/details/sainsburys-fairtrade-bananas--so-organic-x5,Sainsburys
"Sainsbury's Apple, Banana, Strawberry & Grape 220g",200.0,£9.09 / kg,https://assets.sainsburys-groceries.co.uk/gol/7973661/image.jpg,https://www.sainsburys.co.uk/shop/gb/groceries/product/details/sainsburys-apple-banana-strawberry-grape-220g,Sainsburys
Sainsbury's Fairtrade Ripen at Home Bananas x5,69.0,14p / ea,https://assets.sainsburys-groceries.co.uk/gol/8064369/image.jpg,https://www.sainsburys.co.uk/shop/gb/groceries/product/details/sainsburys-ripen-at-home-bananas,Sainsburys
Müller Corner Banana Yogurt with Chocolate Flakes 130g,50.0,38p / 100g,https://assets.sainsburys-groceries.co.uk/gol/7553395/image.jpg,https://www.sainsburys.co.uk/shop/gb/groceries/product/details/muller-corner-banana-chocolate-flake-135g,Sainsburys
Muller Corner Vanilla & Banana Yogurts with Chocolate Balls 6 x 130g,200.0,25p / 100g,https://assets.sainsburys-groceries.co.uk/gol/7553576/image.jpg,https://www.sainsburys.co.uk/shop/gb/groceries/product/details/muller-corner-vanilla---banana-yogurts-with-chocolate-balls-6-x-130g-7553576-p,Sainsburys
Müller Light Fat Free Smooth Banana & Custard Yogurt 160g,35.0,22p / 100g,https://assets.sainsburys-groceries.co.uk/gol/7510108/image.jpg,https://www.sainsburys.co.uk/shop/gb/groceries/product/details/mullerlight-banana---custard-175g,Sainsburys
Soreen Banana Lunchbox Loaves 5x30g,150.0,30p / ea,https://assets.sainsburys-groceries.co.uk/gol/7560960/image.jpg,https://www.sainsburys.co.uk/shop/gb/groceries/product/details/soreen-banana-lunchbox-loaves-x5,Sainsburys
Alpro No Bits Strawberry-Banana & Peach-Pear Yoghurt Alternative 4x125g,190.0,38p / 100g,https://assets.sainsburys-groceries.co.uk/gol/3486788/image.jpg,https://www.sainsburys.co.uk/shop/gb/groceries/product/details/alpro-smooth-yogurt-alternative-4x125g,Sainsburys
Kiddylicious Strawberry & Banana Smoothie Melts Snack 6g 12 Months+,60.0,£10.00 / 100g,https://assets.sainsburys-groceries.co.uk/gol/7532288/image.jpg,https://www.sainsburys.co.uk/shop/gb/groceries/product/details/kiddylicious-strawberry---banana-melts-6g,Sainsburys
Innocent Smoothie Seriously Strawberry & Bananas 750ml,300.0,40p / 100ml,https://assets.sainsburys-groceries.co.uk/gol/7485206/image.jpg,https://www.sainsburys.co.uk/shop/gb/groceries/product/details/innocent-smoothie--strawberry---banana-750ml,Sainsburys
Happy Monkey Strawberry & Banana Kids Smoothie 4x180ml,210.0,29p / 100ml,https://assets.sainsburys-groceries.co.uk/gol/7006875/image.jpg,https://www.sainsburys.co.uk/shop/gb/groceries/product/details/happy-monkey-strawberry---banana-kids-smoothie-4x180ml,Sainsburys
The Collective Kids Suckies Banana Yogurt 100g,60.0,60p / 100g,https://assets.sainsburys-groceries.co.uk/gol/7851266/image.jpg,https://www.sainsburys.co.uk/shop/gb/groceries/product/details/the-collective-fresh-whole-milk-yogurt---fruit-banana-suckies-for-kids-100g,Sainsburys
Ella's Kitchen Organic Bananas & Apples Baby Pouch 4+ Months 120g,105.0,88p / 100g,https://assets.sainsburys-groceries.co.uk/gol/6512212/image.jpg,https://www.sainsburys.co.uk/shop/gb/groceries/product/details/ellas-organic-apples---bananas-120g,Sainsburys
Sainsbury's Banana Milkshake 1L,100.0,£1.00 / ltr,https://assets.sainsburys-groceries.co.uk/gol/6319221/image.jpg,https://www.sainsburys.co.uk/shop/gb/groceries/product/details/sainsburys-fresh-banana-flavoured-milk-1l,Sainsburys
Ella's Kitchen Organic Peaches and Bananas Baby Pouch 4+ Months 120g,105.0,88p / 100g,https://assets.sainsburys-groceries.co.uk/gol/6851830/image.jpg,https://www.sainsburys.co.uk/shop/gb/groceries/product/details/ellas-organic-peaches---bananas--stage-1-120g,Sainsburys
Kiddylicious Banana Mango & Passion Fruit Smoothie Melts Snack 6g 12 Months+,60.0,£10.00 / 100g,https://assets.sainsburys-groceries.co.uk/gol/7532284/image.jpg,https://www.sainsburys.co.uk/shop/gb/groceries/product/details/kiddylicious-mango---passion-fruit-melts-6g,Sainsburys
Ella's Kitchen Organic Banana Baby Brekkie Pouch 6+ Months 100g,105.0,£1.05 / 100g,https://assets.sainsburys-groceries.co.uk/gol/7017336/image.jpg,https://www.sainsburys.co.uk/shop/gb/groceries/product/details/ellas-kitchen-organic-banana-baby-brekkie-100g,Sainsburys
Sainsbury's Foam Banana Sweets 70g,45.0,64p / 100g,https://assets.sainsburys-groceries.co.uk/gol/7601806/image.jpg,https://www.sainsburys.co.uk/shop/gb/groceries/product/details/sainsburys-foam-bananas-75g,Sainsburys
Sainsbury's Frozen Berry Banana Smoothie Mix Strawberry & Banana 480g,200.0,42p / 100g,https://assets.sainsburys-groceries.co.uk/gol/7832811/image.jpg,https://www.sainsburys.co.uk/shop/gb/groceries/product/details/sainsburys-frozen-berry-banana-smoothie-mix-strawberry---banana-480g,Sainsburys
Ella's Kitchen Organic Apricot & Banana Baby Rice Baby Pouch 4+ Months 120g,105.0,88p / 100g,https://assets.sainsburys-groceries.co.uk/gol/7409180/image.jpg,https://www.sainsburys.co.uk/shop/gb/groceries/product/details/ellas-baby-rice-banana---apricots--stage-1-120g,Sainsburys
Organix Banana Rice Cakes 50g,100.0,£2.00 / 100g,https://assets.sainsburys-groceries.co.uk/gol/7610757/image.jpg,https://www.sainsburys.co.uk/shop/gb/groceries/product/details/organix-ricecakes-banana-50g,Sainsburys
Ella's Kitchen Organic Strawberry and Banana Melty Puffs Baby Snack 6+ Months 20...,60.0,60p / ea,https://assets.sainsburys-groceries.co.uk/gol/7738778/image.jpg,https://www.sainsburys.co.uk/shop/gb/groceries/product/details/ellas-kitchen-strawberries---bananas-melty-puffs-snack-20g-7-month,Sainsburys
Heinz Banana Biscotti Snack 60g 7 Month+,75.0,£1.25 / 100g,https://assets.sainsburys-groceries.co.uk/gol/7409734/image.jpg,https://www.sainsburys.co.uk/shop/gb/groceries/product/details/heinz-banana-bicotti-60g,Sainsburys
Ella's Kitchen Organic Bananas First Tastes Baby Pouch 4+ Months 70g,80.0,£1.15 / 100g,https://assets.sainsburys-groceries.co.uk/gol/7533381/image.jpg,https://www.sainsburys.co.uk/shop/gb/groceries/product/details/ellas-kitchen-banana--banana--banana--stage-1-70g,Sainsburys
Ella's Kitchen Blueberries Apples Bananas & Vanilla Pouch 120g 4 Month+,105.0,88p / 100g,https://assets.sainsburys-groceries.co.uk/gol/7762980/image.jpg,https://www.sainsburys.co.uk/shop/gb/groceries/product/details/ellas-kitchen-blueberries-apples-bananas---vanilla-pouch-120g-4-month,Sainsburys
Organix Banana Soft Oaty Bars 6x30g,250.0,£1.39 / 100g,https://assets.sainsburys-groceries.co.uk/gol/7693682/image.jpg,https://www.sainsburys.co.uk/shop/gb/groceries/product/details/organix-goodies--soft-oaty-banana-bars-6x30g,Sainsburys
Organix Banana & Date Chunky Fruit Bars 6x17g,210.0,£2.06 / 100g,https://assets.sainsburys-groceries.co.uk/gol/7738766/image.jpg,https://www.sainsburys.co.uk/shop/gb/groceries/product/details/goodies-fruit-bar-banana---date-6x17g,Sainsburys
Weetabix On The Go Breakfast Drink Banana 250ml,150.0,60p / 100ml,https://assets.sainsburys-groceries.co.uk/gol/7712176/image.jpg,https://www.sainsburys.co.uk/shop/gb/groceries/product/details/weetabix-on-the-go-banana-drink-250ml,Sainsburys
Ella's Kitchen Organic Banana and Vanilla Bread Pudding Baby Dessert Pot Multipa...,200.0,55p / 100g,https://assets.sainsburys-groceries.co.uk/gol/7808632/image.jpg,https://www.sainsburys.co.uk/shop/gb/groceries/product/details/ellas-kitchen-banana---vanilla-bread-pudding,Sainsburys
Innocent Smoothie Seriously Strawberry & Bananas 250ml,180.0,72p / 100ml,https://assets.sainsburys-groceries.co.uk/gol/3547762/image.jpg,https://www.sainsburys.co.uk/shop/gb/groceries/product/details/innocent-smoothie--strawberry---banana-250ml,Sainsburys
Nesquik Banana Milkshake Powder Tub 300g,230.0,77p / 100g,https://assets.sainsburys-groceries.co.uk/gol/6290612/image.jpg,https://www.sainsburys.co.uk/shop/gb/groceries/product/details/nesquik-banana-powder-300g,Sainsburys
Ella's Kitchen Organic Vanilla and Banana Baby Biscuits Multipack Snack 10+ Mont...,150.0,83p / 100g,https://assets.sainsburys-groceries.co.uk/gol/7764090/image.jpg,https://www.sainsburys.co.uk/shop/gb/groceries/product/details/ellas-kitchen-banana---vanilla-baby-biscuits-snack-108g-10-month,Sainsburys
"Sainsbury's Little Ones Organic Pear, Prune & Banana Smooth Puree 4+ Months 70g",60.0,86p / 100g,https://assets.sainsburys-groceries.co.uk/gol/7870780/image.jpg,https://www.sainsburys.co.uk/shop/gb/groceries/product/details/sainsburys-little-ones-organic-pear-prune-banana-smooth-puree-4-months-70g,Sainsburys
Kiddylicious Banana Wafers Snack 40g  6 Month+,220.0,£5.50 / 100g,https://assets.sainsburys-groceries.co.uk/gol/7739047/image.jpg,https://www.sainsburys.co.uk/shop/gb/groceries/product/details/kiddylicious-banana-wafers-snack-40g--6-month,Sainsburys
Whitworths Banana Chips 175g,150.0,86p / 100g,https://assets.sainsburys-groceries.co.uk/gol/7498084/image.jpg,https://www.sainsburys.co.uk/shop/gb/groceries/product/details/whitworths-banana-chips-175g-7498084-p-44,Sainsburys
HiPP Organic Mango & Banana With Yogurt Jar 160g 7 Month+,70.0,44p / 100g,https://assets.sainsburys-groceries.co.uk/gol/6853181/image.jpg,https://www.sainsburys.co.uk/shop/gb/groceries/product/details/hipp-organic-mango---banana-with-yogurt-160g,Sainsburys
"Sainsbury's Little Ones Organic Apple, Banana & Blueberry Puree Smooth Puree 4+ ...",125.0,31p / 100g,https://assets.sainsburys-groceries.co.uk/gol/7899782/image.jpg,https://www.sainsburys.co.uk/shop/gb/groceries/product/details/sainsburys-little-ones-organic-apple-banana-blueberry-puree-smooth-puree-4-months-4-x-100g-400g-,Sainsburys
Ambrosia Banana Devon Custard Pot 150g,50.0,33p / 100g,https://assets.sainsburys-groceries.co.uk/gol/7871368/image.jpg,https://www.sainsburys.co.uk/shop/gb/groceries/product/details/ambrosia-banana-devon-custard-pot-150g,Sainsburys
Whitworths Naturally Sweet Chewy Bananas 30g,50.0,£1.67 / 100g,https://assets.sainsburys-groceries.co.uk/gol/7849765/image.jpg,https://www.sainsburys.co.uk/shop/gb/groceries/product/details/whitworths-naturally-sweet-chewy-bananas-30g,Sainsburys
Organix Banana Puffcorn 4x10g,200.0,£5.00 / 100g,https://assets.sainsburys-groceries.co.uk/gol/7804384/image.jpg,https://www.sainsburys.co.uk/shop/gb/groceries/product/details/organix-goodies-banana-puffcorn-4x10g-12-month,Sainsburys
Frijj Banana Flavoured Milk 400ml,115.0,29p / 100ml,https://assets.sainsburys-groceries.co.uk/gol/7895953/image.jpg,https://www.sainsburys.co.uk/shop/gb/groceries/product/details/frijj-banana-flavoured-milk-400ml,Sainsburys
Ella's Kitchen Organic Vanilla and Banana Melty Hoops Baby Snack 10+ Months 20g,60.0,£3.00 / 100g,https://assets.sainsburys-groceries.co.uk/gol/7844006/image.jpg,https://www.sainsburys.co.uk/shop/gb/groceries/product/details/ellas-banana--vanilla-melty-hoops-20g,Sainsburys
Cow & Gate Banana Crumble Jar 200g 7 Month+,70.0,35p / 100g,https://assets.sainsburys-groceries.co.uk/gol/6849970/image.jpg,https://www.sainsburys.co.uk/shop/gb/groceries/product/details/cow---gate-banana---cookie-crumble--7-months-200g,Sainsburys
Cow & Gate Multigrain Banana Porridge Baby Cereal 200g,200.0,£1.00 / 100g,https://assets.sainsburys-groceries.co.uk/gol/7484898/image.jpg,https://www.sainsburys.co.uk/shop/gb/groceries/product/details/cow---gate-multigrain-banana-porridge-baby-cereal-200g--7484898-p,Sainsburys
Aptamil Multigrain Banana & Berry Cereal 200g 7 Month+,200.0,£1.00 / 100g,https://assets.sainsburys-groceries.co.uk/gol/7636794/image.jpg,https://www.sainsburys.co.uk/shop/gb/groceries/product/details/aptamil-multigrian---berry-breakfast-225g,Sainsburys
HiPP Organic Fruit & Pieces Apple & Banana Fruit Pots 7+ Months 4 x 100g,200.0,50p / 100g,https://assets.sainsburys-groceries.co.uk/gol/7280004/image.jpg,https://www.sainsburys.co.uk/shop/gb/groceries/product/details/hipp-organic-apple---banana-with-fruit-pieces-4x100g,Sainsburys
Sainsbury's Banana Chips 100g,80.0,80p / 100g,https://assets.sainsburys-groceries.co.uk/gol/7913092/image.jpg,https://www.sainsburys.co.uk/shop/gb/groceries/product/details/sainsburys-banana-chips-100g,Sainsburys
Organix Banana Baby Biscuits 54g,160.0,£2.96 / 100g,https://assets.sainsburys-groceries.co.uk/gol/7762767/image.jpg,https://www.sainsburys.co.uk/shop/gb/groceries/product/details/organix-baby-biscuit-banana-54g,Sainsburys
Organix Banana & Plum Porridge 200g,250.0,£1.25 / 100g,https://assets.sainsburys-groceries.co.uk/gol/7671744/image.jpg,https://www.sainsburys.co.uk/shop/gb/groceries/product/details/organix-plum---banana-porridge-200g,Sainsburys
Walkers Banana Split Eclairs 150g,100.0,67p / 100g,https://assets.sainsburys-groceries.co.uk/gol/7657091/image.jpg,https://www.sainsburys.co.uk/shop/gb/groceries/product/details/walkers-banana-split-eclairs-150g,Sainsburys
Sainsbury's Banana Loaf Cake 222g (Serves 6),160.0,72p / 100g,https://assets.sainsburys-groceries.co.uk/gol/7866395/image.jpg,https://www.sainsburys.co.uk/shop/gb/groceries/product/details/sainsburys-banana-loaf-cake-243g,Sainsburys
Kiddylicious Banana Soft Biscotti 7+ Months 6 x 20g (120g),205.0,£1.71 / 100g,https://assets.sainsburys-groceries.co.uk/gol/7908688/image.jpg,https://www.sainsburys.co.uk/shop/gb/groceries/product/details/kiddylicious-banana-soft-biscotti-7-months-6-x-20g-120g-,Sainsburys
HiPP Organic Banana Yogurt Breakfast 125g,60.0,48p / 100g,https://assets.sainsburys-groceries.co.uk/gol/7532290/image.jpg,https://www.sainsburys.co.uk/shop/gb/groceries/product/details/hipp-organic-stage-1--banana--yoghurt-breakfast-125g,Sainsburys
Organix Raspberry & Banana Muesli 200g,275.0,£1.38 / 100g,https://assets.sainsburys-groceries.co.uk/gol/7762785/image.jpg,https://www.sainsburys.co.uk/shop/gb/groceries/product/details/organix-raspberry---banana-muesli-cereal-200g-10-month-7762785-p,Sainsburys
Aptamil Creamed Banana Porridge Baby Cereal 125g,175.0,£1.40 / 100g,https://assets.sainsburys-groceries.co.uk/gol/7532890/image.jpg,https://www.sainsburys.co.uk/shop/gb/groceries/product/details/aptamil-creamed-banana-porridge-baby-cereal-125g--7532890-p,Sainsburys
Piriteze Allergy & Hayfever Syrup Sugar Free Banana Flavour 70ml,450.0,£6.43 / 100ml,https://assets.sainsburys-groceries.co.uk/gol/6031249/image.jpg,https://www.sainsburys.co.uk/shop/gb/groceries/product/details/piriteze-allergy-syrup-70ml,Sainsburys
Tesco Bananas Loose,13.0,£0.73/kg,https://img.tesco.com/Groceries/pi/000/0261480000000/IDShot_225x225.jpg,https://www.tesco.com/groceries/en-GB/products/275280804,Tesco
Tesco Small Bananas 6 Pack,64.0,£0.11/each,https://img.tesco.com/Groceries/pi/416/0000003251416/IDShot_225x225.jpg,https://www.tesco.com/groceries/en-GB/products/285157326,Tesco
Tesco Ripe Bananas 5 Pack,69.0,£0.14/each,https://img.tesco.com/Groceries/pi/875/0000010001875/IDShot_225x225.jpg,https://www.tesco.com/groceries/en-GB/products/266419328,Tesco
Innocent Strawberry & Banana Smoothie 250 Ml,179.0,£0.72/100ml,https://img.tesco.com/Groceries/pi/108/5038862320108/IDShot_225x225.jpg,https://www.tesco.com/groceries/en-GB/products/253845148,Tesco
Urban Beauty United Banana Nail File,150.0,£1.50/each,"data:image/gif;base64,R0lGODlhAQABAAAAACH5BAEKAAEALAAAAAABAAEAAAICTAEAOw==",https://www.tesco.com/groceries/en-GB/products/295654546,Tesco
Muller Corner Skyr Banana & Almond Granola Yogurt 180G,120.0,£0.67/100g,"data:image/gif;base64,R0lGODlhAQABAAAAACH5BAEKAAEALAAAAAABAAEAAAICTAEAOw==",https://www.tesco.com/groceries/en-GB/products/305731083,Tesco
Cow & Gate Banana Crumble 7Mth+ 200G Jar,70.0,£3.50/kg,"data:image/gif;base64,R0lGODlhAQABAAAAACH5BAEKAAEALAAAAAABAAEAAAICTAEAOw==",https://www.tesco.com/groceries/en-GB/products/264226191,Tesco
Pronto Porridge Mix Banana 120G,60.0,£0.50/100g,"data:image/gif;base64,R0lGODlhAQABAAAAACH5BAEKAAEALAAAAAABAAEAAAICTAEAOw==",https://www.tesco.com/groceries/en-GB/products/266225413,Tesco
Funktional Foods Vegan Protein Blend Banana 100G,300.0,£30.00/kg,"data:image/gif;base64,R0lGODlhAQABAAAAACH5BAEKAAEALAAAAAABAAEAAAICTAEAOw==",https://www.tesco.com/groceries/en-GB/products/307144779,Tesco
Code Name Bananas David Walliams,800.0,£8.00/each,"data:image/gif;base64,R0lGODlhAQABAAAAACH5BAEKAAEALAAAAAABAAEAAAICTAEAOw==",https://www.tesco.com/groceries/en-GB/products/308026032,Tesco
East End Ground Cumin Powder 100G,115.0,£0.12/10g,https://img.tesco.com/Groceries/pi/379/5018605002379/IDShot_225x225.jpg,https://www.tesco.com/groceries/en-GB/products/259741019,Tesco
Tesco Ground Cumin 43G,85.0,£0.20/10g,https://img.tesco.com/Groceries/pi/355/0000003011355/IDShot_225x225.jpg,https://www.tesco.com/groceries/en-GB/products/256150470,Tesco
East End Cumin Powder (Jeera) 300G,225.0,£0.08/10g,https://img.tesco.com/Groceries/pi/671/5018605375671/IDShot_225x225.jpg,https://www.tesco.com/groceries/en-GB/products/264932201,Tesco
Tesco Whole Cumin Seeds 37G,85.0,£0.23/10g,https://img.tesco.com/Groceries/pi/996/5031021125996/IDShot_225x225.jpg,https://www.tesco.com/groceries/en-GB/products/251622761,Tesco
Schwartz Ground Cumin 37G,160.0,£0.43/10g,"data:image/gif;base64,R0lGODlhAQABAAAAACH5BAEKAAEALAAAAAABAAEAAAICTAEAOw==",https://www.tesco.com/groceries/en-GB/products/301392414,Tesco
"Goodlife Falafel Lemon, Cumin & Coriander 14 Pack 280G",180.0,£0.64/100g,"data:image/gif;base64,R0lGODlhAQABAAAAACH5BAEKAAEALAAAAAABAAEAAAICTAEAOw==",https://www.tesco.com/groceries/en-GB/products/305040749,Tesco
East End Cumin Whole Jeera 100G,115.0,£0.12/10g,"data:image/gif;base64,R0lGODlhAQABAAAAACH5BAEKAAEALAAAAAABAAEAAAICTAEAOw==",https://www.tesco.com/groceries/en-GB/products/259685788,Tesco
East End Cumin Whole 300G,225.0,£0.08/10g,"data:image/gif;base64,R0lGODlhAQABAAAAACH5BAEKAAEALAAAAAABAAEAAAICTAEAOw==",https://www.tesco.com/groceries/en-GB/products/297489986,Tesco
Rajah Jeera Ground Cumin 400G,199.0,£0.05/10g,"data:image/gif;base64,R0lGODlhAQABAAAAACH5BAEKAAEALAAAAAABAAEAAAICTAEAOw==",https://www.tesco.com/groceries/en-GB/products/297569500,Tesco
Sainsbury's Home Soft Grip Silicone Spatula,400.0,£4.00 / ea,https://assets.sainsburys-groceries.co.uk/gol/133624546/image.jpg,https://www.sainsburys.co.uk/shop/gb/groceries/product/details/sainsburys-home-soft-grip-silicone-spatula-133624386-p,Sainsburys
Sainsbury's Home Soft Grip Silicone Curved Spatula,400.0,£4.00 / ea,https://assets.sainsburys-groceries.co.uk/gol/133989941/image.jpg,https://www.sainsburys.co.uk/shop/gb/groceries/product/details/sainsburys-home-soft-grip-silicone-curved-spatula-133989836-p,Sainsburys
Scoville Silicone Spatula,600.0,£6.00 / ea,https://assets.sainsburys-groceries.co.uk/gol/136190093/image.jpg,https://www.sainsburys.co.uk/shop/gb/groceries/product/details/scoville-silicone-spatula,Sainsburys
Scoville Spatula,600.0,£6.00 / ea,https://assets.sainsburys-groceries.co.uk/gol/136189025/image.jpg,https://www.sainsburys.co.uk/shop/gb/groceries/product/details/scoville-spatula,Sainsburys
Sainsbury's Home Spatula Love,500.0,£5.00 / ea,https://assets.sainsburys-groceries.co.uk/gol/132026675/image.jpg,https://www.sainsburys.co.uk/shop/gb/groceries/product/details/sainsburys-home-festivity-spatula-love-132026405-p,Sainsburys
Joseph Joseph Duo Silicone Spatula with Agled Head,700.0,£7.00 / ea,https://assets.sainsburys-groceries.co.uk/gol/134087498/image.jpg,https://www.sainsburys.co.uk/shop/gb/groceries/product/details/joseph-joseph-duo-silicone-spatula-with-agled-head-134085716-p,Sainsburys
Go Cook Silicone Spatula,400.0,£4.00/each,https://img.tesco.com/Groceries/pi/129/5057753093129/IDShot_225x225.jpg,https://www.tesco.com/groceries/en-GB/products/300408820,Tesco
Go Cook Acacia Spatula,400.0,£4.00/each,https://img.tesco.com/Groceries/pi/243/5057373274243/IDShot_225x225.jpg,https://www.tesco.com/groceries/en-GB/products/295752948,Tesco
Go Cook Silicone Turner,500.0,£5.00/each,https://img.tesco.com/Groceries/pi/175/5057373274175/IDShot_225x225.jpg,https://www.tesco.com/groceries/en-GB/products/295752879,Tesco
Go Cook Nylon Turner,400.0,£4.00/each,https://img.tesco.com/Groceries/pi/090/5057373274090/IDShot_225x225.jpg,https://www.tesco.com/groceries/en-GB/products/295752793,Tesco
Go Cook Stainless Steel Turner,400.0,£4.00/each,"data:image/gif;base64,R0lGODlhAQABAAAAACH5BAEKAAEALAAAAAABAAEAAAICTAEAOw==",https://www.tesco.com/groceries/en-GB/products/295752885,Tesco
Tesco Nylon Turner,200.0,£2.00/each,"data:image/gif;base64,R0lGODlhAQABAAAAACH5BAEKAAEALAAAAAABAAEAAAICTAEAOw==",https://www.tesco.com/groceries/en-GB/products/303687184,Tesco
Tesco Turner,40.0,£0.40/each,"data:image/gif;base64,R0lGODlhAQABAAAAACH5BAEKAAEALAAAAAABAAEAAAICTAEAOw==",https://www.tesco.com/groceries/en-GB/products/287781188,Tesco
Joie Silicone Brush And Spatula,400.0,£4.00/each,"data:image/gif;base64,R0lGODlhAQABAAAAACH5BAEKAAEALAAAAAABAAEAAAICTAEAOw==",https://www.tesco.com/groceries/en-GB/products/308153029,Tesco
Turner Road Reserve Merlot 75Cl,625.0,£6.25/75cl,"data:image/gif;base64,R0lGODlhAQABAAAAACH5BAEKAAEALAAAAAABAAEAAAICTAEAOw==",https://www.tesco.com/groceries/en-GB/products/260572903,Tesco
Turner Road Reserve Chardonnay 75Cl,625.0,£6.25/75cl,"data:image/gif;base64,R0lGODlhAQABAAAAACH5BAEKAAEALAAAAAABAAEAAAICTAEAOw==",https://www.tesco.com/groceries/en-GB/products/260572742,Tesco
Tesco Copper Nylon Slotted Turner,250.0,£2.50/each,"data:image/gif;base64,R0lGODlhAQABAAAAACH5BAEKAAEALAAAAAABAAEAAAICTAEAOw==",https://www.tesco.com/groceries/en-GB/products/307394731,Tesco
Elegant Frog Viognier 75cl,700.0,£7.00 / 75cl,https://assets.sainsburys-groceries.co.uk/gol/7433532/image.jpg,https://www.sainsburys.co.uk/shop/gb/groceries/product/details/elegant-frog-viognier-75cl,Sainsburys
Elegant Frog Malbec Cabernet Sauvignon 75cl,800.0,£8.00 / 75cl,https://assets.sainsburys-groceries.co.uk/gol/8014226/image.jpg,https://www.sainsburys.co.uk/shop/gb/groceries/product/details/elegant-frog-malbec-cabernet-75cl,Sainsburys
Harry Potter Chocolate Frogs 15G,500.0,£33.34/100g,https://img.tesco.com/Groceries/pi/827/0071570001827/IDShot_225x225.jpg,https://www.tesco.com/groceries/en-GB/products/303881950,Tesco
"Sainsbury's British Semi Skimmed Milk, SO Organic 2.27L (4 pint)",155.0,68p / ltr,https://assets.sainsburys-groceries.co.uk/gol/1208450/image.jpg,https://www.sainsburys.co.uk/shop/gb/groceries/product/details/sainsburys-british-semi-skimmed-milk-so-organic-227l-4-pint-,Sainsburys
"Sainsbury's Jersey Milk, Taste the Difference 750ml",85.0,£1.13 / ltr,https://assets.sainsburys-groceries.co.uk/gol/6360166/image.jpg,https://www.sainsburys.co.uk/shop/gb/groceries/product/details/sainsburys-jersey-milk--taste-the-difference-750ml,Sainsburys
Mighty Pea Original Milk Alternative 1L,150.0,£1.50 / ltr,https://assets.sainsburys-groceries.co.uk/gol/7971205/image.jpg,https://www.sainsburys.co.uk/shop/gb/groceries/product/details/the-mighty-society-original-pea-mylk-1l,Sainsburys
Sainsbury's British Semi Skimmed Milk 2.27L (4 pint),109.0,48p / ltr,https://assets.sainsburys-groceries.co.uk/gol/357937/image.jpg,https://www.sainsburys.co.uk/shop/gb/groceries/product/details/sainsburys-british-semi-skimmed-milk-227l-4-pint-,Sainsburys
Sainsbury's British Semi Skimmed Milk 1.13L (2 pint),80.0,70p / ltr,https://assets.sainsburys-groceries.co.uk/gol/1137637/image.jpg,https://www.sainsburys.co.uk/shop/gb/groceries/product/details/sainsburys-british-semi-skimmed-milk-113l-2-pint-,Sainsburys
Sainsbury's British Whole Milk 2.27L (4 pint),109.0,48p / ltr,https://assets.sainsburys-groceries.co.uk/gol/181402/image.jpg,https://www.sainsburys.co.uk/shop/gb/groceries/product/details/sainsburys-british-whole-milk-227l-4-pint-,Sainsburys
Cravendale Purefilter Semi Skimmed Milk 2L,190.0,95p / ltr,https://assets.sainsburys-groceries.co.uk/gol/3216620/image.jpg,https://www.sainsburys.co.uk/shop/gb/groceries/product/details/cravendale-purefilter-semi-skimmed-milk-2l,Sainsburys
Sainsbury's British Skimmed Milk 2.27L (4 pint),109.0,48p / ltr,https://assets.sainsburys-groceries.co.uk/gol/357500/image.jpg,https://www.sainsburys.co.uk/shop/gb/groceries/product/details/sainsburys-british-skimmed-milk-227l-4-pint-,Sainsburys
Sainsbury's British Semi Skimmed Milk 3.4L (6 pint),155.0,45p / ltr,https://assets.sainsburys-groceries.co.uk/gol/464390/image.jpg,https://www.sainsburys.co.uk/shop/gb/groceries/product/details/sainsburys-british-semi-skimmed-milk-34l-6-pint-,Sainsburys
Sainsbury's British Skimmed Milk 1.13L (2 pint),80.0,70p / ltr,https://assets.sainsburys-groceries.co.uk/gol/1137729/image.jpg,https://www.sainsburys.co.uk/shop/gb/groceries/product/details/sainsburys-british-skimmed-milk-113l-2-pint-,Sainsburys
Sainsbury's British Whole Milk 1.13L (2 pint),80.0,70p / ltr,https://assets.sainsburys-groceries.co.uk/gol/1137613/image.jpg,https://www.sainsburys.co.uk/shop/gb/groceries/product/details/sainsburys-british-whole-milk-113l-2-pint-,Sainsburys
Sainsbury's British Semi Skimmed Milk 1 Pint,55.0,97p / ltr,https://assets.sainsburys-groceries.co.uk/gol/173759/image.jpg,https://www.sainsburys.co.uk/shop/gb/groceries/product/details/sainsburys-british-semi-skimmed-milk-1-pint,Sainsburys
"Sainsbury's British Whole Milk, SO Organic 2.27L (4 Pint)",155.0,68p / ltr,https://assets.sainsburys-groceries.co.uk/gol/1208443/image.jpg,https://www.sainsburys.co.uk/shop/gb/groceries/product/details/sainsburys-british-whole-milk-so-organic-227l-4-pint-,Sainsburys
Cravendale Purefilter Whole Milk 2L,190.0,95p / ltr,https://assets.sainsburys-groceries.co.uk/gol/3216613/image.jpg,https://www.sainsburys.co.uk/shop/gb/groceries/product/details/cravendale-purefilter-whole-milk-2l,Sainsburys
Sainsbury's British Whole Milk 3.4L (6 pint),155.0,45p / ltr,https://assets.sainsburys-groceries.co.uk/gol/425605/image.jpg,https://www.sainsburys.co.uk/shop/gb/groceries/product/details/sainsburys-british-whole-milk-34l-6-pint-,Sainsburys
"Sainsbury's British Semi Skimmed Milk, SO Organic 1.13L (2 pint)",105.0,92p / ltr,https://assets.sainsburys-groceries.co.uk/gol/6336297/image.jpg,https://www.sainsburys.co.uk/shop/gb/groceries/product/details/sainsburys-british-semi-skimmed-milk-so-organic-113l-2-pint-,Sainsburys
Cravendale Purefilter Semi Skimmed Milk 1L,115.0,£1.15 / ltr,https://assets.sainsburys-groceries.co.uk/gol/3216590/image.jpg,https://www.sainsburys.co.uk/shop/gb/groceries/product/details/cravendale-purefilter-semi-skimmed-1l,Sainsburys
Sainsbury's British Filtered Semi Skimmed Milk 2L,135.0,68p / ltr,https://assets.sainsburys-groceries.co.uk/gol/7657802/image.jpg,https://www.sainsburys.co.uk/shop/gb/groceries/product/details/sainsburys-filtered-semi-skimmed-milk-2l,Sainsburys
Cravendale Purefilter Skimmed Milk 2L,190.0,95p / ltr,https://assets.sainsburys-groceries.co.uk/gol/3419625/image.jpg,https://www.sainsburys.co.uk/shop/gb/groceries/product/details/cravendale-skimmed-milk-2l,Sainsburys
Sainsbury's British Whole Milk 568ml (1 pint),55.0,97p / ltr,https://assets.sainsburys-groceries.co.uk/gol/181358/image.jpg,https://www.sainsburys.co.uk/shop/gb/groceries/product/details/sainsburys-british-whole-milk-568ml-1-pint-,Sainsburys
Sainsbury's Semi Skimmed Long Life Milk 6x1L,425.0,71p / ltr,https://assets.sainsburys-groceries.co.uk/gol/6646953/image.jpg,https://www.sainsburys.co.uk/shop/gb/groceries/product/details/sainsburys-semi-skimmed-long-life-milk-6x1l,Sainsburys
Sainsbury's British Skimmed Milk 568ml (1 pint),55.0,97p / ltr,https://assets.sainsburys-groceries.co.uk/gol/181655/image.jpg,https://www.sainsburys.co.uk/shop/gb/groceries/product/details/sainsburys-british-skimmed-milk-568ml-1-pint-,Sainsburys
"Sainsbury's British Skimmed Milk, SO Organic 1.13L (2 pint)",105.0,92p / ltr,https://assets.sainsburys-groceries.co.uk/gol/6336299/image.jpg,https://www.sainsburys.co.uk/shop/gb/groceries/product/details/sainsburys-british-skimmed-milk-so-organic-113l-2-pint-,Sainsburys
St Helen's Farm Semi Skimmed Goats Milk 1L,180.0,£1.80 / ltr,https://assets.sainsburys-groceries.co.uk/gol/4150862/image.jpg,https://www.sainsburys.co.uk/shop/gb/groceries/product/details/st-helens-semi-skimmed-goats-milk-1l,Sainsburys
"Sainsbury's British Whole Milk, SO Organic 1.13L (2 pint)",105.0,92p / ltr,https://assets.sainsburys-groceries.co.uk/gol/6336293/image.jpg,https://www.sainsburys.co.uk/shop/gb/groceries/product/details/sainsburys-british-whole-milk-so-organic-113l-2-pint-,Sainsburys
Arla B.O.B. Skimmed Milk 2L,190.0,95p / ltr,https://assets.sainsburys-groceries.co.uk/gol/7787579/image.jpg,https://www.sainsburys.co.uk/shop/gb/groceries/product/details/arla-best-of-both-milk-2l,Sainsburys
St Helen's Farm Whole Goats Milk 1L,180.0,£1.80 / ltr,https://assets.sainsburys-groceries.co.uk/gol/4150886/image.jpg,https://www.sainsburys.co.uk/shop/gb/groceries/product/details/st-helens-whole-goats-milk-1l,Sainsburys
Sainsbury's Skimmed Long Life Milk 6x1L,425.0,71p / ltr,https://assets.sainsburys-groceries.co.uk/gol/6647081/image.jpg,https://www.sainsburys.co.uk/shop/gb/groceries/product/details/sainsburys-skimmed-long-life-milk-6x1l,Sainsburys
"Sainsbury's British Semi Skimmed Milk, SO Organic 568ml (1 pint)",65.0,£1.14 / ltr,https://assets.sainsburys-groceries.co.uk/gol/603379/image.jpg,https://www.sainsburys.co.uk/shop/gb/groceries/product/details/sainsburys-british-semi-skimmed-milk-so-organic-568ml-1-pint-,Sainsburys
Sainsbury's British Filtered Whole Milk 2L,135.0,68p / ltr,https://assets.sainsburys-groceries.co.uk/gol/7657808/image.jpg,https://www.sainsburys.co.uk/shop/gb/groceries/product/details/sainsburys-british-filtered-whole-milk-2l,Sainsburys
Yeo Valley Organic Semi Skimmed Milk 1L,115.0,£1.15 / ltr,https://assets.sainsburys-groceries.co.uk/gol/6770710/image.jpg,https://www.sainsburys.co.uk/shop/gb/groceries/product/details/yeo-valley-organic-semi-skimmed-milk-1l,Sainsburys
Graham's Gold Jersey Full Cream Milk 1L,120.0,£1.20 / ltr,https://assets.sainsburys-groceries.co.uk/gol/7275651/image.jpg,https://www.sainsburys.co.uk/shop/gb/groceries/product/details/grahams-gold-jersey-full-cream-milk-1l,Sainsburys
"Moo Long Life Organic Milk, Semi Skimmed 1L",115.0,£1.15 / ltr,https://assets.sainsburys-groceries.co.uk/gol/6338499/image.jpg,https://www.sainsburys.co.uk/shop/gb/groceries/product/details/moo-long-life-organic-milk--semi-skimmed-1l,Sainsburys
Yeo Valley Organic Semi Skimmed Milk 2L,220.0,£1.10 / ltr,https://assets.sainsburys-groceries.co.uk/gol/6483776/image.jpg,https://www.sainsburys.co.uk/shop/gb/groceries/product/details/yeo-valley-organic-semi-skimmed-milk-2l,Sainsburys
Dairy Pride UHT Skimmed Milk 1L,50.0,50p / ltr,https://assets.sainsburys-groceries.co.uk/gol/7889884/image.jpg,https://www.sainsburys.co.uk/shop/gb/groceries/product/details/dairy-pride-uht-skimmed-milk-1l,Sainsburys
Cravendale Purefilter Skimmed Milk 1L,115.0,£1.15 / ltr,https://assets.sainsburys-groceries.co.uk/gol/7723336/image.jpg,https://www.sainsburys.co.uk/shop/gb/groceries/product/details/cravendale-purefilter-semi-skimmed-milk-1l,Sainsburys
Cravendale Purefilter Semi Skimmed Milk 3L,240.0,80p / ltr,https://assets.sainsburys-groceries.co.uk/gol/7797484/image.jpg,https://www.sainsburys.co.uk/shop/gb/groceries/product/details/cravendale-purefilter-semi-skimmed-3l,Sainsburys
Arla Big Milk Drink 2L 12 Month+,195.0,98p / ltr,https://assets.sainsburys-groceries.co.uk/gol/7752346/image.jpg,https://www.sainsburys.co.uk/shop/gb/groceries/product/details/arla-big-milk-2l,Sainsburys
Cravendale Purefilter Whole Milk 1L,115.0,£1.15 / ltr,https://assets.sainsburys-groceries.co.uk/gol/7078903/image.jpg,https://www.sainsburys.co.uk/shop/gb/groceries/product/details/cravendale-purefilter-whole-milk-1l,Sainsburys
Yeo Valley Organic Whole Milk 1L,115.0,£1.15 / ltr,https://assets.sainsburys-groceries.co.uk/gol/6770697/image.jpg,https://www.sainsburys.co.uk/shop/gb/groceries/product/details/yeo-valley-organic-whole-milk-1l,Sainsburys
"Moo Long Life Organic Milk, Whole 1L",115.0,£1.15 / ltr,https://assets.sainsburys-groceries.co.uk/gol/6016902/image.jpg,https://www.sainsburys.co.uk/shop/gb/groceries/product/details/moo-long-life-organic-milk--whole-1l,Sainsburys
Dairy Pride Semi-Skimmed Longer Lasting UHT Milk 1 Litre,55.0,55p / ltr,https://assets.sainsburys-groceries.co.uk/gol/7980717/image.jpg,https://www.sainsburys.co.uk/shop/gb/groceries/product/details/dairy-pride-semi-skimmed-longer-lasting-uht-milk-1-litre,Sainsburys
Yeo Valley Organic Whole Milk 2L,220.0,£1.10 / ltr,https://assets.sainsburys-groceries.co.uk/gol/6483740/image.jpg,https://www.sainsburys.co.uk/shop/gb/groceries/product/details/yeo-valley-organic-whole-milk-2l,Sainsburys
"Moo Long Life Skimmed Milk, Organic 1L",115.0,£1.15 / ltr,https://assets.sainsburys-groceries.co.uk/gol/6338508/image.jpg,https://www.sainsburys.co.uk/shop/gb/groceries/product/details/moo-long-life-skimmed-milk--organic-1l,Sainsburys
St Helen's Farm Skimmed Goats Milk 1L,180.0,£1.80 / ltr,https://assets.sainsburys-groceries.co.uk/gol/6829441/image.jpg,https://www.sainsburys.co.uk/shop/gb/groceries/product/details/st-helens-skimmed-goats-milk-1l,Sainsburys
Flora ProActiv Skimmed Cows' Milk 1L,145.0,£1.45 / ltr,https://assets.sainsburys-groceries.co.uk/gol/6022041/image.jpg,https://www.sainsburys.co.uk/shop/gb/groceries/product/details/flora-pro-activ-milk-1l,Sainsburys
Sainsbury's West Country Skimmed Milk 1.13L (2 Pint),80.0,70p / ltr,https://assets.sainsburys-groceries.co.uk/gol/7938631/image.jpg,https://www.sainsburys.co.uk/shop/gb/groceries/product/details/sainsburys-west-country-skimmed-milk-113l-2-pint-7938631-p-44,Sainsburys
Good Hemp Seed Milk 1L,200.0,£2.00 / ltr,https://assets.sainsburys-groceries.co.uk/gol/7542515/image.jpg,https://www.sainsburys.co.uk/shop/gb/groceries/product/details/braham---murray-good-hemp-milk--original-1l,Sainsburys
Sainsbury's West Country Whole Milk 1.13L (2 Pint),80.0,70p / ltr,https://assets.sainsburys-groceries.co.uk/gol/7938763/image.jpg,https://www.sainsburys.co.uk/shop/gb/groceries/product/details/sainsburys-west-country-whole-milk-113l-2-pint-7938763-p-44,Sainsburys
Quick Milk Sipper Strawberry 5x6g,60.0,£2.00 / 100g,https://assets.sainsburys-groceries.co.uk/gol/7517217/image.jpg,https://www.sainsburys.co.uk/shop/gb/groceries/product/details/quick-milk-sipper-strawberry-5x6g,Sainsburys
Quick Milk Sipper Chocolate 5x6g,60.0,£2.00 / 100g,https://assets.sainsburys-groceries.co.uk/gol/7517210/image.jpg,https://www.sainsburys.co.uk/shop/gb/groceries/product/details/quick-milk-sipper-chocolate-5x6g,Sainsburys
Frijj Chocolate Flavoured Milk 400ml,115.0,29p / 100ml,https://assets.sainsburys-groceries.co.uk/gol/7895942/image.jpg,https://www.sainsburys.co.uk/shop/gb/groceries/product/details/frijj-chocolate-flavoured-milk-400ml,Sainsburys
Yazoo Chocolate Milk Drink 6x200ml,240.0,£2.00 / ltr,https://assets.sainsburys-groceries.co.uk/gol/7883205/image.jpg,https://www.sainsburys.co.uk/shop/gb/groceries/product/details/yazoo-chocolate-milk-drink-6x200ml,Sainsburys
"Graham's Whole Milk, Organic 1L",100.0,£1.00 / ltr,https://assets.sainsburys-groceries.co.uk/gol/7844801/image.jpg,https://www.sainsburys.co.uk/shop/gb/groceries/product/details/grahams-whole-milk--organic-1l-7844801-p-44,Sainsburys
MOMA Unsweetened Oat Milk Drink Original 1L,150.0,£1.50 / ltr,https://assets.sainsburys-groceries.co.uk/gol/8005742/image.jpg,https://www.sainsburys.co.uk/shop/gb/groceries/product/details/moma-oat-drink-original-1l,Sainsburys
MOMA Unsweetened Oat Milk Drink Barista Edition 1L,155.0,£1.55 / ltr,https://assets.sainsburys-groceries.co.uk/gol/8005748/image.jpg,https://www.sainsburys.co.uk/shop/gb/groceries/product/details/moma-oat-milk-barista-1l,Sainsburys
Cravendale Whole Milk 3L,240.0,80p / ltr,https://assets.sainsburys-groceries.co.uk/gol/7862487/image.jpg,https://www.sainsburys.co.uk/shop/gb/groceries/product/details/cravendale-whole-milk-3l,Sainsburys
Frijj Strawberry Flavoured Milk 400ml,115.0,29p / 100ml,https://assets.sainsburys-groceries.co.uk/gol/7895945/image.jpg,https://www.sainsburys.co.uk/shop/gb/groceries/product/details/frijj-strawberry-flavoured-milk-400ml,Sainsburys
Arla Lactofree Organic Semi Skimmed Milk Drink 1 Litre,165.0,£1.65 / ltr,https://assets.sainsburys-groceries.co.uk/gol/7991824/image.jpg,https://www.sainsburys.co.uk/shop/gb/groceries/product/details/arla-lactofree-organic-semi-skimmed-milk-drink-1-litre,Sainsburys
Frijj Chocolate Fudge Flavoured Milk 400ml,115.0,29p / 100ml,https://assets.sainsburys-groceries.co.uk/gol/7895943/image.jpg,https://www.sainsburys.co.uk/shop/gb/groceries/product/details/frijj-chocolate-fudge-flavoured-milk-400ml,Sainsburys
"Tesco British Semi Skimmed Milk 2.272L, 4 Pints",109.0,£0.48/litre,https://img.tesco.com/Groceries/pi/457/5000436589457/IDShot_225x225.jpg,https://www.tesco.com/groceries/en-GB/products/254656543,Tesco
"Tesco British Semi Skimmed Milk 1.13L, 2 Pints",80.0,£0.71/litre,https://img.tesco.com/Groceries/pi/826/5000436338826/IDShot_225x225.jpg,https://www.tesco.com/groceries/en-GB/products/252207537,Tesco
"Tesco British Whole Milk 2.272L, 4 Pints",109.0,£0.48/litre,https://img.tesco.com/Groceries/pi/341/5000436589341/IDShot_225x225.jpg,https://www.tesco.com/groceries/en-GB/products/254656399,Tesco
"Tesco British Skimmed Milk 2.272L, 4 Pints",109.0,£0.48/litre,https://img.tesco.com/Groceries/pi/419/5000436589419/IDShot_225x225.jpg,https://www.tesco.com/groceries/en-GB/products/254656508,Tesco
Cravendale Semi Skimmed Milk 2 Litre,185.0,£0.92/litre,"data:image/gif;base64,R0lGODlhAQABAAAAACH5BAEKAAEALAAAAAABAAEAAAICTAEAOw==",https://www.tesco.com/groceries/en-GB/products/257264875,Tesco
Tesco Filtered Semi Skimmed Milk 2 Litre,135.0,£0.68/litre,"data:image/gif;base64,R0lGODlhAQABAAAAACH5BAEKAAEALAAAAAABAAEAAAICTAEAOw==",https://www.tesco.com/groceries/en-GB/products/253737115,Tesco
"Tesco British Whole Milk 1.13L, 2 Pints",80.0,£0.71/litre,"data:image/gif;base64,R0lGODlhAQABAAAAACH5BAEKAAEALAAAAAABAAEAAAICTAEAOw==",https://www.tesco.com/groceries/en-GB/products/252207566,Tesco
Arla Bob Skimmed Milk 2 Litre,180.0,£0.90/litre,"data:image/gif;base64,R0lGODlhAQABAAAAACH5BAEKAAEALAAAAAABAAEAAAICTAEAOw==",https://www.tesco.com/groceries/en-GB/products/291631643,Tesco
"Tesco British Semi Skimmed Milk 3.408L, 6 Pints",150.0,£0.44/litre,"data:image/gif;base64,R0lGODlhAQABAAAAACH5BAEKAAEALAAAAAABAAEAAAICTAEAOw==",https://www.tesco.com/groceries/en-GB/products/255986260,Tesco
Cravendale Filtered Whole Milk 2 Litre,185.0,£0.92/litre,"data:image/gif;base64,R0lGODlhAQABAAAAACH5BAEKAAEALAAAAAABAAEAAAICTAEAOw==",https://www.tesco.com/groceries/en-GB/products/257265436,Tesco
"Tesco British Skimmed Milk 1.136L, 2 Pints",80.0,£0.70/litre,"data:image/gif;base64,R0lGODlhAQABAAAAACH5BAEKAAEALAAAAAABAAEAAAICTAEAOw==",https://www.tesco.com/groceries/en-GB/products/252208041,Tesco
Tesco British Semi Skimmed Longlife Uht Milk 1 Litre,79.0,£0.79/litre,"data:image/gif;base64,R0lGODlhAQABAAAAACH5BAEKAAEALAAAAAABAAEAAAICTAEAOw==",https://www.tesco.com/groceries/en-GB/products/254278040,Tesco
Cravendale Semi Skimmed Milk 1 Litre,110.0,£1.10/litre,"data:image/gif;base64,R0lGODlhAQABAAAAACH5BAEKAAEALAAAAAABAAEAAAICTAEAOw==",https://www.tesco.com/groceries/en-GB/products/260086626,Tesco
Tesco British Skimmed Longlife Uht Milk 1 Litre,79.0,£0.79/litre,"data:image/gif;base64,R0lGODlhAQABAAAAACH5BAEKAAEALAAAAAABAAEAAAICTAEAOw==",https://www.tesco.com/groceries/en-GB/products/254277997,Tesco
Lactofree Fresh Semi Skimmed Milk 1 Litre,140.0,£1.40/litre,"data:image/gif;base64,R0lGODlhAQABAAAAACH5BAEKAAEALAAAAAABAAEAAAICTAEAOw==",https://www.tesco.com/groceries/en-GB/products/258877943,Tesco
Tesco British Semi Skimmed Uht Milk 6 X 1 Litre,425.0,£0.71/litre,"data:image/gif;base64,R0lGODlhAQABAAAAACH5BAEKAAEALAAAAAABAAEAAAICTAEAOw==",https://www.tesco.com/groceries/en-GB/products/255026297,Tesco
"Tesco British Whole Milk 3.408L, 6 Pints",150.0,£0.44/litre,"data:image/gif;base64,R0lGODlhAQABAAAAACH5BAEKAAEALAAAAAABAAEAAAICTAEAOw==",https://www.tesco.com/groceries/en-GB/products/254957550,Tesco
"Tesco British Semi Skimmed Milk 568 Ml, 1 Pint",50.0,£0.88/litre,"data:image/gif;base64,R0lGODlhAQABAAAAACH5BAEKAAEALAAAAAABAAEAAAICTAEAOw==",https://www.tesco.com/groceries/en-GB/products/251314158,Tesco
Tesco Organic British Semi Skimmed Milk 2.272L/4 Pints,150.0,£0.66/litre,"data:image/gif;base64,R0lGODlhAQABAAAAACH5BAEKAAEALAAAAAABAAEAAAICTAEAOw==",https://www.tesco.com/groceries/en-GB/products/251499998,Tesco
Cravendale Skimmed Milk 2 Litre,185.0,£0.92/litre,"data:image/gif;base64,R0lGODlhAQABAAAAACH5BAEKAAEALAAAAAABAAEAAAICTAEAOw==",https://www.tesco.com/groceries/en-GB/products/255801128,Tesco
"Tesco British Whole Milk 568Ml, 1 Pint",50.0,£0.88/litre,"data:image/gif;base64,R0lGODlhAQABAAAAACH5BAEKAAEALAAAAAABAAEAAAICTAEAOw==",https://www.tesco.com/groceries/en-GB/products/251314233,Tesco
Arla Big Milk Whole Milk 2 Litre,200.0,£1.00/litre,"data:image/gif;base64,R0lGODlhAQABAAAAACH5BAEKAAEALAAAAAABAAEAAAICTAEAOw==",https://www.tesco.com/groceries/en-GB/products/287971983,Tesco
Cravendale Whole Milk 1 Litre,110.0,£1.10/litre,"data:image/gif;base64,R0lGODlhAQABAAAAACH5BAEKAAEALAAAAAABAAEAAAICTAEAOw==",https://www.tesco.com/groceries/en-GB/products/276606921,Tesco
Yeo Valley Organic Whole Milk 2 Litre,190.0,£0.95/litre,"data:image/gif;base64,R0lGODlhAQABAAAAACH5BAEKAAEALAAAAAABAAEAAAICTAEAOw==",https://www.tesco.com/groceries/en-GB/products/262586694,Tesco
Hovis Medium Sliced Wholemeal Bread 800g,110.0,14p / 100g,https://assets.sainsburys-groceries.co.uk/gol/2300757/image.jpg,https://www.sainsburys.co.uk/shop/gb/groceries/product/details/hovis-wholemeal-bread--medium-sliced-800g,Sainsburys
Warburtons Toastie Thick Sliced White Bread 400g,85.0,21p / 100g,https://assets.sainsburys-groceries.co.uk/gol/2682112/image.jpg,https://www.sainsburys.co.uk/shop/gb/groceries/product/details/warburtons-white-toastie-bread--sliced-400g,Sainsburys
Bfree Wholegrain Sourdough Loaf 350g,300.0,86p / 100g,https://assets.sainsburys-groceries.co.uk/gol/8031109/image.jpg,https://www.sainsburys.co.uk/shop/gb/groceries/product/details/bfree-wholegrain-sourdough-loaf-350g,Sainsburys
Hovis Soft Medium Sliced White Bread 800g,109.0,14p / 100g,https://assets.sainsburys-groceries.co.uk/gol/3067161/image.jpg,https://www.sainsburys.co.uk/shop/gb/groceries/product/details/hovis-soft-white-bread--medium-sliced-800g,Sainsburys
Kingsmill Medium Sliced 50/50 Bread 800g,100.0,13p / 100g,https://assets.sainsburys-groceries.co.uk/gol/6528180/image.jpg,https://www.sainsburys.co.uk/shop/gb/groceries/product/details/kingsmill-50-50-bread--medium-800g,Sainsburys
Hovis Seed Sensations Seven Seeds Medium Sliced Seeded Bread 800g,160.0,20p / 100g,https://assets.sainsburys-groceries.co.uk/gol/7583476/image.jpg,https://www.sainsburys.co.uk/shop/gb/groceries/product/details/hovis-seed-sensations-7-seeds-bread-800g,Sainsburys
Warburtons Toastie Thick Sliced White Bread 800g,110.0,14p / 100g,https://assets.sainsburys-groceries.co.uk/gol/2256481/image.jpg,https://www.sainsburys.co.uk/shop/gb/groceries/product/details/warburtons-white-sliced-bread--toastie-800g,Sainsburys
Hovis Soft Thick Sliced White Bread 800g,110.0,14p / 100g,https://assets.sainsburys-groceries.co.uk/gol/4067351/image.jpg,https://www.sainsburys.co.uk/shop/gb/groceries/product/details/hovis-soft-white-bread--thick-sliced-800g,Sainsburys
Hovis Medium Sliced Best of Both Bread 750g,115.0,15p / 100g,https://assets.sainsburys-groceries.co.uk/gol/7649054/image.jpg,https://www.sainsburys.co.uk/shop/gb/groceries/product/details/hovis-best-of-both-medium-750g,Sainsburys
Sainsbury's Medium Sliced Wholemeal Bread 800g,55.0,7p / 100g,https://assets.sainsburys-groceries.co.uk/gol/280457/image.jpg,https://www.sainsburys.co.uk/shop/gb/groceries/product/details/sainsburys-wholemeal-bread--medium-sliced-800g,Sainsburys
"Sainsbury's Soft Multiseed Farmhouse Thick Sliced Wholemeal Bread, Taste the Dif...",110.0,14p / 100g,https://assets.sainsburys-groceries.co.uk/gol/1318180/image.jpg,https://www.sainsburys.co.uk/shop/gb/groceries/product/details/sainsburys-multi-seeded-wholemeal-bread--taste-the-difference-800g,Sainsburys
Warburtons Thick Sliced Seeded Bread 800g,160.0,20p / 100g,https://assets.sainsburys-groceries.co.uk/gol/3463505/image.jpg,https://www.sainsburys.co.uk/shop/gb/groceries/product/details/warburtons-batch-bread--seeded--large-800g,Sainsburys
Warburtons Medium Sliced Wholemeal Bread 400g,85.0,21p / 100g,https://assets.sainsburys-groceries.co.uk/gol/2048178/image.jpg,https://www.sainsburys.co.uk/shop/gb/groceries/product/details/warburtons-wholemeal-bread--medium-sliced-400g,Sainsburys
Warburtons Soft Farmhouse Medium Sliced White Bread 800g,135.0,17p / 100g,https://assets.sainsburys-groceries.co.uk/gol/3236048/image.jpg,https://www.sainsburys.co.uk/shop/gb/groceries/product/details/warburtons-farmhouse-bread--original-soft-800g,Sainsburys
Sainsbury's Soft Medium Sliced White Bread 800g,55.0,7p / 100g,https://assets.sainsburys-groceries.co.uk/gol/14137/image.jpg,https://www.sainsburys.co.uk/shop/gb/groceries/product/details/sainsburys-white-bread--medium-sliced-800g,Sainsburys
Warburtons Medium Sliced White Bread 800g,110.0,14p / 100g,https://assets.sainsburys-groceries.co.uk/gol/2046136/image.jpg,https://www.sainsburys.co.uk/shop/gb/groceries/product/details/warburtons-white-bread--medium-sliced-800g,Sainsburys
Kingsmill Soft Medium Sliced White Bread 800g,90.0,11p / 100g,https://assets.sainsburys-groceries.co.uk/gol/6528103/image.jpg,https://www.sainsburys.co.uk/shop/gb/groceries/product/details/kingsmill-soft-white-bread--medium-800g,Sainsburys
Hovis Granary Medium Sliced Bread 800g,150.0,19p / 100g,https://assets.sainsburys-groceries.co.uk/gol/2362847/image.jpg,https://www.sainsburys.co.uk/shop/gb/groceries/product/details/hovis-granary-bread--medium-800g,Sainsburys
Hovis Thick Sliced Wholemeal Bread 800g,110.0,14p / 100g,https://assets.sainsburys-groceries.co.uk/gol/2315386/image.jpg,https://www.sainsburys.co.uk/shop/gb/groceries/product/details/hovis-wholemeal-bread--thick-sliced-800g,Sainsburys
Kingsmill Medium Sliced Wholemeal Bread 800g,95.0,12p / 100g,https://assets.sainsburys-groceries.co.uk/gol/6528110/image.jpg,https://www.sainsburys.co.uk/shop/gb/groceries/product/details/kingsmill-great-everyday-wholemeal-bread--medium-800g,Sainsburys
Warburtons Medium Sliced Wholemeal Bread 800g,100.0,13p / 100g,https://assets.sainsburys-groceries.co.uk/gol/2046518/image.jpg,https://www.sainsburys.co.uk/shop/gb/groceries/product/details/warburtons-wholemeal-bread--sliced-800g,Sainsburys
Warburtons Lighter Medium Sliced Danish White Bread 400g,100.0,25p / 100g,https://assets.sainsburys-groceries.co.uk/gol/2682273/image.jpg,https://www.sainsburys.co.uk/shop/gb/groceries/product/details/warburtons-danish-white-bread--sliced-400g,Sainsburys
Hovis Tasty Medium Sliced Wholemeal Bread 400g,85.0,21p / 100g,https://assets.sainsburys-groceries.co.uk/gol/2754307/image.jpg,https://www.sainsburys.co.uk/shop/gb/groceries/product/details/hovis-wholemeal-bread-400g,Sainsburys
Hovis Thick Sliced Best of Both Bread 750g,115.0,15p / 100g,https://assets.sainsburys-groceries.co.uk/gol/7649202/image.jpg,https://www.sainsburys.co.uk/shop/gb/groceries/product/details/hovis-best-of-both-thick-750g,Sainsburys
Kingsmill Thick Sliced 50/50 Bread 800g,100.0,13p / 100g,https://assets.sainsburys-groceries.co.uk/gol/6528198/image.jpg,https://www.sainsburys.co.uk/shop/gb/groceries/product/details/kingsmill-50-50-bread--thick-800g,Sainsburys
Sainsbury's Giraffe Bread (Tiger) 400g,80.0,20p / 100g,https://assets.sainsburys-groceries.co.uk/gol/6539745/image.jpg,https://www.sainsburys.co.uk/shop/gb/groceries/product/details/sainsburys-giraffe-bread-tiger-400g,Sainsburys
Hovis Granary Thick Sliced Bread 800g,150.0,19p / 100g,https://assets.sainsburys-groceries.co.uk/gol/3324684/image.jpg,https://www.sainsburys.co.uk/shop/gb/groceries/product/details/hovis-original-granary-bread--thick-sliced-800g,Sainsburys
Daily's Medium Sliced White Bread 800g,36.0,5p / 100g,https://assets.sainsburys-groceries.co.uk/gol/1048063/image.jpg,https://www.sainsburys.co.uk/shop/gb/groceries/product/details/sainsburys-white-sliced-bread--basics-800g,Sainsburys
Daily's Medium Sliced Wholemeal Bread 800g,36.0,5p / 100g,https://assets.sainsburys-groceries.co.uk/gol/6909870/image.jpg,https://www.sainsburys.co.uk/shop/gb/groceries/product/details/sainsburys-medium-wholemeal-bread--basics-800g,Sainsburys
Sainsbury's Giraffe Bread (Tiger) 800g,110.0,14p / 100g,https://assets.sainsburys-groceries.co.uk/gol/6539711/image.jpg,https://www.sainsburys.co.uk/shop/gb/groceries/product/details/sainsburys-giraffe-bread-tiger-800g,Sainsburys
Hovis Granary Thick Sliced Bread 400g,95.0,24p / 100g,https://assets.sainsburys-groceries.co.uk/gol/2753355/image.jpg,https://www.sainsburys.co.uk/shop/gb/groceries/product/details/hovis-original-granary-bread--half-loaf-400g,Sainsburys
Hovis Granary Thick Sliced Wholemeal Bread 800g,150.0,19p / 100g,https://assets.sainsburys-groceries.co.uk/gol/2412979/image.jpg,https://www.sainsburys.co.uk/shop/gb/groceries/product/details/hovis-wholemeal-seeded-granary-bread-800g,Sainsburys
Sainsbury's Toastie Thick Sliced White Bread 800g,55.0,7p / 100g,https://assets.sainsburys-groceries.co.uk/gol/7158190/image.jpg,https://www.sainsburys.co.uk/shop/gb/groceries/product/details/sainsburys-toastie-extra-thick-sliced-white-bread-800g,Sainsburys
Hovis Seed Sensations Seven Seeds Medium Sliced Seeded Bread 400g,95.0,24p / 100g,https://assets.sainsburys-groceries.co.uk/gol/7585546/image.jpg,https://www.sainsburys.co.uk/shop/gb/groceries/product/details/hovis-seed-sensations-7-seeds-bread-400g,Sainsburys
Sainsbury's Wholemeal Bread SO Organic 400g,95.0,24p / 100g,https://assets.sainsburys-groceries.co.uk/gol/7559900/image.jpg,https://www.sainsburys.co.uk/shop/gb/groceries/product/details/sainsburys-wholemeal-bread-so-organic-400g-7559900-p,Sainsburys
Hovis Nimble Medium Sliced Wholemeal Bread 400g,85.0,21p / 100g,https://assets.sainsburys-groceries.co.uk/gol/2283906/image.jpg,https://www.sainsburys.co.uk/shop/gb/groceries/product/details/hovis-nimble-wholemeal-bread-400g,Sainsburys
Warburtons Medium Sliced White Bread 400g,85.0,21p / 100g,https://assets.sainsburys-groceries.co.uk/gol/2682037/image.jpg,https://www.sainsburys.co.uk/shop/gb/groceries/product/details/warburtons-white-bread--medium-sliced-400g,Sainsburys
Kingsmill Thick Sliced Wholemeal Bread 800g,95.0,12p / 100g,https://assets.sainsburys-groceries.co.uk/gol/6528116/image.jpg,https://www.sainsburys.co.uk/shop/gb/groceries/product/details/kingsmill-tasty-wholemeal-bread--thick-800g,Sainsburys
Sainsbury's Sandwich Loaf White Bread 800g,110.0,14p / 100g,https://assets.sainsburys-groceries.co.uk/gol/6539298/image.jpg,https://www.sainsburys.co.uk/shop/gb/groceries/product/details/sainsburys-sandwich-loaf-white-bread-800g-6539298-p,Sainsburys
Warburtons Soft Farmhouse Medium Sliced Bread 400g,100.0,25p / 100g,https://assets.sainsburys-groceries.co.uk/gol/3375532/image.jpg,https://www.sainsburys.co.uk/shop/gb/groceries/product/details/warburtons-original-softwhite-loaf--farmhouse-400g,Sainsburys
"Sainsbury's Thick Sliced Wholemeal Bread, SO Organic 800g",145.0,18p / 100g,https://assets.sainsburys-groceries.co.uk/gol/1351613/image.jpg,https://www.sainsburys.co.uk/shop/gb/groceries/product/details/sainsburys-wholemeal-bread--so-organic-800g,Sainsburys
"Sainsbury's Sourdough Medium Sliced White Bread, Taste the Difference 400g",150.0,38p / 100g,https://assets.sainsburys-groceries.co.uk/gol/7820324/image.jpg,https://www.sainsburys.co.uk/shop/gb/groceries/product/details/sainsburys-sourdough-bread--taste-the-difference-400g,Sainsburys
Sainsbury's Farmhouse Loaf White Bread 800g,110.0,14p / 100g,https://assets.sainsburys-groceries.co.uk/gol/6504660/image.jpg,https://www.sainsburys.co.uk/shop/gb/groceries/product/details/sainsburys-farmhouse-loaf-white-bread-800g-6504660-p,Sainsburys
Burgen Medium Sliced Soya & Linseed Bread 800g,110.0,14p / 100g,https://assets.sainsburys-groceries.co.uk/gol/3028063/image.jpg,https://www.sainsburys.co.uk/shop/gb/groceries/product/details/burgen-soya---linseed-bread-800g,Sainsburys
Warburtons Seeded Thick Sliced White Bread 400g,95.0,24p / 100g,https://assets.sainsburys-groceries.co.uk/gol/3304624/image.jpg,https://www.sainsburys.co.uk/shop/gb/groceries/product/details/warburtons-white-batch-bread--seeded-400g,Sainsburys
Warburtons Weight Watchers Soft Medium Sliced Danish Malted Bread 400g,100.0,25p / 100g,https://assets.sainsburys-groceries.co.uk/gol/2407296/image.jpg,https://www.sainsburys.co.uk/shop/gb/groceries/product/details/weight-watchers-malted-bread--danish-sliced-400g,Sainsburys
Warburtons Milk Roll Soft Medium Sliced White Bread 400g,100.0,25p / 100g,https://assets.sainsburys-groceries.co.uk/gol/2513140/image.jpg,https://www.sainsburys.co.uk/shop/gb/groceries/product/details/warburtons-blackpool-milk-roll-400g,Sainsburys
Sainsbury's Farmhouse White Bread 400g,80.0,20p / 100g,https://assets.sainsburys-groceries.co.uk/gol/6539611/image.jpg,https://www.sainsburys.co.uk/shop/gb/groceries/product/details/sainsburys-farmhouse-white-bread-400g-6539611-p,Sainsburys
Allinson The Champion Medium Sliced Wholemeal Bread 650g,140.0,22p / 100g,https://assets.sainsburys-groceries.co.uk/gol/7844456/image.jpg,https://www.sainsburys.co.uk/shop/gb/groceries/product/details/allinson-classic-wholemeal-bread-650g,Sainsburys
Sainsbury's Kalamata Olive Bread Taste the Difference 400g,170.0,43p / 100g,https://assets.sainsburys-groceries.co.uk/gol/6767562/image.jpg,https://www.sainsburys.co.uk/shop/gb/groceries/product/details/sainsburys-kalamata-olive-bread-taste-the-difference-400g-6767562-p,Sainsburys
Kingsmill Medium Sliced 50/50 Bread 400g,80.0,20p / 100g,https://assets.sainsburys-groceries.co.uk/gol/7554555/image.jpg,https://www.sainsburys.co.uk/shop/gb/groceries/product/details/kingsmill-50-50-bread-400g,Sainsburys
Warburtons Extra Thick Sliced White Bread 800g,110.0,14p / 100g,https://assets.sainsburys-groceries.co.uk/gol/2974750/image.jpg,https://www.sainsburys.co.uk/shop/gb/groceries/product/details/warburtons-white-sliced-thickest-bread-800g,Sainsburys
Warburtons Premium Old English White Bread 400g,160.0,40p / 100g,https://assets.sainsburys-groceries.co.uk/gol/7714537/image.jpg,https://www.sainsburys.co.uk/shop/gb/groceries/product/details/warburtons-old-english-white-bread-400g,Sainsburys
Rankin Selection Brown Soda Bread 400g,130.0,33p / 100g,https://assets.sainsburys-groceries.co.uk/gol/4049173/image.jpg,https://www.sainsburys.co.uk/shop/gb/groceries/product/details/rankin-selection-brown-soda-bread-400g,Sainsburys
Kelderman German Style Rye Bread 400g,135.0,34p / 100g,https://assets.sainsburys-groceries.co.uk/gol/2453347/image.jpg,https://www.sainsburys.co.uk/shop/gb/groceries/product/details/kelderman-rye-bread--german-style-400g,Sainsburys
Hovis Medium Sliced Wheatgerm Bread 400g,95.0,24p / 100g,https://assets.sainsburys-groceries.co.uk/gol/3147573/image.jpg,https://www.sainsburys.co.uk/shop/gb/groceries/product/details/hovis-wheatgerm-bread-400g,Sainsburys
Kingsmill No Crusts Medium Sliced 50/50 Bread 400g,140.0,35p / 100g,https://assets.sainsburys-groceries.co.uk/gol/6410184/image.jpg,https://www.sainsburys.co.uk/shop/gb/groceries/product/details/kingsmill-50-50-bread--crusts-away-400g,Sainsburys
Sainsbury's Thick Sliced Wholemeal Bread 800g,55.0,7p / 100g,https://assets.sainsburys-groceries.co.uk/gol/315289/image.jpg,https://www.sainsburys.co.uk/shop/gb/groceries/product/details/sainsburys-thick-sliced-wholemeal-bread-800g,Sainsburys
Kingsmill No Crusts Soft Medium Sliced White Bread 400g,140.0,35p / 100g,https://assets.sainsburys-groceries.co.uk/gol/6410181/image.jpg,https://www.sainsburys.co.uk/shop/gb/groceries/product/details/km-crustaway-white-bread-400g,Sainsburys
"Sainsbury's Multiseed Thick Sliced Wholemeal Bread, SO Organic 400g",110.0,28p / 100g,https://assets.sainsburys-groceries.co.uk/gol/6334005/image.jpg,https://www.sainsburys.co.uk/shop/gb/groceries/product/details/sainsburys-multiseeded-wholemeal-bread--so-organic-400g,Sainsburys
Kingsmill 50/50 Medium Bread 800G,85.0,£0.11/100g,https://img.tesco.com/Groceries/pi/441/5010092093441/IDShot_225x225.jpg,https://www.tesco.com/groceries/en-GB/products/261738730,Tesco
Hovis Soft White Medium Bread 800G,109.0,£0.14/100g,https://img.tesco.com/Groceries/pi/131/5010003000131/IDShot_225x225.jpg,https://www.tesco.com/groceries/en-GB/products/256174499,Tesco
Hovis Original 7 Seeds Bread 800G,160.0,£0.20/100g,https://img.tesco.com/Groceries/pi/744/5010003064744/IDShot_225x225.jpg,https://www.tesco.com/groceries/en-GB/products/274811214,Tesco
Hovis Soft White Thick Bread 800G,110.0,£0.14/100g,https://img.tesco.com/Groceries/pi/226/5010003054226/IDShot_225x225.jpg,https://www.tesco.com/groceries/en-GB/products/254550817,Tesco
Tesco White Bread 800G,59.0,£0.07/100g,"data:image/gif;base64,R0lGODlhAQABAAAAACH5BAEKAAEALAAAAAABAAEAAAICTAEAOw==",https://www.tesco.com/groceries/en-GB/products/299389116,Tesco
Warburtons Toastie Sliced White Bread 800G,110.0,£0.14/100g,"data:image/gif;base64,R0lGODlhAQABAAAAACH5BAEKAAEALAAAAAABAAEAAAICTAEAOw==",https://www.tesco.com/groceries/en-GB/products/254942348,Tesco
Tesco Finest Super Seeded Farmhouse Loaf 800G,110.0,£0.14/100g,"data:image/gif;base64,R0lGODlhAQABAAAAACH5BAEKAAEALAAAAAABAAEAAAICTAEAOw==",https://www.tesco.com/groceries/en-GB/products/300134417,Tesco
Warburtons Farmhouse White Bread 800G,120.0,£0.15/100g,"data:image/gif;base64,R0lGODlhAQABAAAAACH5BAEKAAEALAAAAAABAAEAAAICTAEAOw==",https://www.tesco.com/groceries/en-GB/products/250168194,Tesco
Tesco Toastie White Bread Thick 800G,59.0,£0.07/100g,"data:image/gif;base64,R0lGODlhAQABAAAAACH5BAEKAAEALAAAAAABAAEAAAICTAEAOw==",https://www.tesco.com/groceries/en-GB/products/299425748,Tesco
Hovis Wholemeal Medium Bread 800G,110.0,£0.14/100g,"data:image/gif;base64,R0lGODlhAQABAAAAACH5BAEKAAEALAAAAAABAAEAAAICTAEAOw==",https://www.tesco.com/groceries/en-GB/products/255000362,Tesco
Warburtons Seeded Batch Bread 800G,140.0,£0.18/100g,"data:image/gif;base64,R0lGODlhAQABAAAAACH5BAEKAAEALAAAAAABAAEAAAICTAEAOw==",https://www.tesco.com/groceries/en-GB/products/257269645,Tesco
Warburtons Medium Sliced White Bread 800G,110.0,£0.14/100g,"data:image/gif;base64,R0lGODlhAQABAAAAACH5BAEKAAEALAAAAAABAAEAAAICTAEAOw==",https://www.tesco.com/groceries/en-GB/products/254942325,Tesco
Tesco Crusty White Farmhouse Sliced Bread 800G,110.0,£0.14/100g,"data:image/gif;base64,R0lGODlhAQABAAAAACH5BAEKAAEALAAAAAABAAEAAAICTAEAOw==",https://www.tesco.com/groceries/en-GB/products/250759508,Tesco
Hovis Granary Thick Bread 800G,150.0,£0.19/100g,"data:image/gif;base64,R0lGODlhAQABAAAAACH5BAEKAAEALAAAAAABAAEAAAICTAEAOw==",https://www.tesco.com/groceries/en-GB/products/250871708,Tesco
Tesco Finest White Loaf 800G,110.0,£0.14/100g,"data:image/gif;base64,R0lGODlhAQABAAAAACH5BAEKAAEALAAAAAABAAEAAAICTAEAOw==",https://www.tesco.com/groceries/en-GB/products/300134399,Tesco
Tesco Tiger Sliced Loaf 800G,110.0,£0.14/100g,"data:image/gif;base64,R0lGODlhAQABAAAAACH5BAEKAAEALAAAAAABAAEAAAICTAEAOw==",https://www.tesco.com/groceries/en-GB/products/256334800,Tesco
Hovis Best Of Both Medium White Bread 750G,110.0,£0.15/100g,"data:image/gif;base64,R0lGODlhAQABAAAAACH5BAEKAAEALAAAAAABAAEAAAICTAEAOw==",https://www.tesco.com/groceries/en-GB/products/279505857,Tesco
Kingsmill 50/50 Thick Bread 800G,85.0,£0.11/100g,"data:image/gif;base64,R0lGODlhAQABAAAAACH5BAEKAAEALAAAAAABAAEAAAICTAEAOw==",https://www.tesco.com/groceries/en-GB/products/252065992,Tesco
Tesco Finest Oat & Barley Loaf 800G,110.0,£0.14/100g,"data:image/gif;base64,R0lGODlhAQABAAAAACH5BAEKAAEALAAAAAABAAEAAAICTAEAOw==",https://www.tesco.com/groceries/en-GB/products/300134439,Tesco
Tesco Multiseed Batch 800G,85.0,£0.11/100g,"data:image/gif;base64,R0lGODlhAQABAAAAACH5BAEKAAEALAAAAAABAAEAAAICTAEAOw==",https://www.tesco.com/groceries/en-GB/products/300134671,Tesco
Tesco Wholemeal Medium Bread 800G,59.0,£0.07/100g,"data:image/gif;base64,R0lGODlhAQABAAAAACH5BAEKAAEALAAAAAABAAEAAAICTAEAOw==",https://www.tesco.com/groceries/en-GB/products/299425783,Tesco
Tesco Crusty White Farmhouse Sliced Bread 400G,79.0,£0.20/100g,"data:image/gif;base64,R0lGODlhAQABAAAAACH5BAEKAAEALAAAAAABAAEAAAICTAEAOw==",https://www.tesco.com/groceries/en-GB/products/258081588,Tesco
Kingsmill Soft White Medium 800g,95.0,£0.12/100g,"data:image/gif;base64,R0lGODlhAQABAAAAACH5BAEKAAEALAAAAAABAAEAAAICTAEAOw==",https://www.tesco.com/groceries/en-GB/products/259804954,Tesco
Hovis Wholemeal Thick Bread 800G,110.0,£0.14/100g,"data:image/gif;base64,R0lGODlhAQABAAAAACH5BAEKAAEALAAAAAABAAEAAAICTAEAOw==",https://www.tesco.com/groceries/en-GB/products/263518014,Tesco
Cadbury Dairy Milk Orange Fingers Chocolate Biscuits 114g,150.0,£1.32 / 100g,https://assets.sainsburys-groceries.co.uk/gol/8052480/image.jpg,https://www.sainsburys.co.uk/shop/gb/groceries/product/details/cadbury-dairy-milk-orange-fingers-chocolate-biscuits-114g,Sainsburys
Pico Fairtrade Organic Hazelnut Milk Chocolate Bar 80g,245.0,£3.06 / 100g,https://assets.sainsburys-groceries.co.uk/gol/8004769/image.jpg,https://www.sainsburys.co.uk/shop/gb/groceries/product/details/pico-fairtrade-organic-hazelnut-milk-chocolate-bar-80g,Sainsburys
Maltesers Chocolate Pouch Bag 102g,150.0,£1.47 / 100g,https://assets.sainsburys-groceries.co.uk/gol/7073459/image.jpg,https://www.sainsburys.co.uk/shop/gb/groceries/product/details/maltesers-pouch-121g,Sainsburys
Cadbury Mini Eggs Giant Easter Egg 231g,400.0,£1.73 / 100g,https://assets.sainsburys-groceries.co.uk/gol/7609189/image.jpg,https://www.sainsburys.co.uk/shop/gb/groceries/product/details/cadbury-mini-eggs-gift-boxed-easter-egg-286g-check-your-local-store-for-available-range-,Sainsburys
Cadbury Dairy Milk Large Easter Egg 286g,400.0,£1.40 / 100g,https://assets.sainsburys-groceries.co.uk/gol/7609183/image.jpg,https://www.sainsburys.co.uk/shop/gb/groceries/product/details/cadbury-dairy-milk-gift-boxed-easter-egg-331g-check-your-local-store-for-available-range-,Sainsburys
Cadbury Flake Easter Egg 249g,400.0,£1.61 / 100g,https://assets.sainsburys-groceries.co.uk/gol/7767766/image.jpg,https://www.sainsburys.co.uk/shop/gb/groceries/product/details/cadbury-flake-gift-boxed-easter-egg-294g-check-your-local-store-for-available-range-,Sainsburys
Cadbury Dairy Milk Chocolate Bar 200g,200.0,£1.00 / 100g,https://assets.sainsburys-groceries.co.uk/gol/2011547/image.jpg,https://www.sainsburys.co.uk/shop/gb/groceries/product/details/cadbury-dairy-milk-200g,Sainsburys
Cadbury Dairy Milk Giant Chocolate Buttons Bag 119g,100.0,84p / 100g,https://assets.sainsburys-groceries.co.uk/gol/7073532/image.jpg,https://www.sainsburys.co.uk/shop/gb/groceries/product/details/cadbury-dairy-milk-giant-buttons-119g,Sainsburys
"Sainsbury's Dark Chocolate, Basics 100g",30.0,30p / 100g,https://assets.sainsburys-groceries.co.uk/gol/6284774/image.jpg,https://www.sainsburys.co.uk/shop/gb/groceries/product/details/sainsburys-dark-chocolate--basics-100g,Sainsburys
"Sainsbury's Milk Chocolate, Basics 100g",30.0,30p / 100g,https://assets.sainsburys-groceries.co.uk/gol/6284765/image.jpg,https://www.sainsburys.co.uk/shop/gb/groceries/product/details/sainsburys-milk-chocolate--basics-100g,Sainsburys
KitKat 2 Finger Milk Chocolate Biscuit Bar Multipack 9x20.7g,150.0,80p / 100g,https://assets.sainsburys-groceries.co.uk/gol/7876413/image.jpg,https://www.sainsburys.co.uk/shop/gb/groceries/product/details/kit-kat-2-finger-milk-chocolate-biscuit-bar-multipack-x9-207g-7876413-p,Sainsburys
Terry's Chocolate Orange Milk Ball 157g,150.0,95p / 100g,https://assets.sainsburys-groceries.co.uk/gol/2012032/image.jpg,https://www.sainsburys.co.uk/shop/gb/groceries/product/details/terrys-milk-chocolate-orange-175g,Sainsburys
Green & Black's Organic 70% Dark Chocolate Bar 90g,150.0,£1.67 / 100g,https://assets.sainsburys-groceries.co.uk/gol/2431857/image.jpg,https://www.sainsburys.co.uk/shop/gb/groceries/product/details/green-blacks-organic-70-dark-chocolate-bar-90g,Sainsburys
Lindt Excellence Dark 70% Cocoa Chocolate Bar 100g,200.0,£2.00 / 100g,https://assets.sainsburys-groceries.co.uk/gol/2681344/image.jpg,https://www.sainsburys.co.uk/shop/gb/groceries/product/details/lindt-excellence-dark-70-cocoa-chocolate-bar-100g,Sainsburys
KitKat Chunky Milk Chocolate Bar Multipack 4x40g,150.0,94p / 100g,https://assets.sainsburys-groceries.co.uk/gol/7731030/image.jpg,https://www.sainsburys.co.uk/shop/gb/groceries/product/details/kit-kat-chunky-milk-chocolate-bar-multipack-x4-40g-7731030-p,Sainsburys
Cadbury Milk Chocolate Biscuit Fingers 114g,150.0,£1.32 / 100g,https://assets.sainsburys-groceries.co.uk/gol/7788902/image.jpg,https://www.sainsburys.co.uk/shop/gb/groceries/product/details/cadbury-milk-chocolate-biscuit-fingers-138g,Sainsburys
Galaxy Smooth Milk Chocolate Bars Multipack 4 x 42g,150.0,89p / 100g,https://assets.sainsburys-groceries.co.uk/gol/6636803/image.jpg,https://www.sainsburys.co.uk/shop/gb/groceries/product/details/galaxy-milk-x4-168g,Sainsburys
"Sainsbury's White Chocolate, Basics 100g",30.0,30p / 100g,https://assets.sainsburys-groceries.co.uk/gol/6284760/image.jpg,https://www.sainsburys.co.uk/shop/gb/groceries/product/details/sainsburys-white-chocolate--basics-100g,Sainsburys
Cadbury Dairy Milk Chocolate Bar 110g,100.0,91p / 100g,https://assets.sainsburys-groceries.co.uk/gol/7448536/image.jpg,https://www.sainsburys.co.uk/shop/gb/groceries/product/details/cadbury-dairy-milk-chocolate-120g,Sainsburys
Cadbury Bournville Dark Chocolate Bar 180g,200.0,£1.11 / 100g,https://assets.sainsburys-groceries.co.uk/gol/2024349/image.jpg,https://www.sainsburys.co.uk/shop/gb/groceries/product/details/cadbury-bournville-200g,Sainsburys
Green & Black's Organic 85% Dark Chocolate Bar 90g,150.0,£1.67 / 100g,https://assets.sainsburys-groceries.co.uk/gol/6553123/image.jpg,https://www.sainsburys.co.uk/shop/gb/groceries/product/details/green-blacks-organic-85-dark-chocolate-bar-90g,Sainsburys
KitKat 4 Finger Milk Chocolate Bar Multipack 4x41.5g,150.0,90p / 100g,https://assets.sainsburys-groceries.co.uk/gol/7541401/image.jpg,https://www.sainsburys.co.uk/shop/gb/groceries/product/details/kit-kat-4-finger-milk-chocolate-bar-multipack-x4-415g-7541401-p,Sainsburys
Galaxy Minstrels Chocolate Pouch Bag 125g,150.0,£1.20 / 100g,https://assets.sainsburys-groceries.co.uk/gol/7073453/image.jpg,https://www.sainsburys.co.uk/shop/gb/groceries/product/details/galaxy-minstrels-pouch-153g,Sainsburys
Toffee Crisp Milk Chocolate Bar Multipack 4x38g,150.0,99p / 100g,https://assets.sainsburys-groceries.co.uk/gol/7541392/image.jpg,https://www.sainsburys.co.uk/shop/gb/groceries/product/details/toffee-crisp-multipack-x4-432g,Sainsburys
Cadbury Dairy Milk Fruit & Nut Chocolate Bar 200g,200.0,£1.00 / 100g,https://assets.sainsburys-groceries.co.uk/gol/2024219/image.jpg,https://www.sainsburys.co.uk/shop/gb/groceries/product/details/cadbury-dairy-milk-fruit---nut-200g,Sainsburys
After Eight Dark Chocolate Thins Box 300g,200.0,67p / 100g,https://assets.sainsburys-groceries.co.uk/gol/3351109/image.jpg,https://www.sainsburys.co.uk/shop/gb/groceries/product/details/after-eight-dark-chocolate-thins-box-300g,Sainsburys
Bounty Coconut Milk Chocolate Duo Bars Multipack 4x57g,150.0,66p / 100g,https://assets.sainsburys-groceries.co.uk/gol/7554983/image.jpg,https://www.sainsburys.co.uk/shop/gb/groceries/product/details/bounty-4x57g,Sainsburys
Cadbury Dairy Milk Whole Nut Chocolate Bar 200g,200.0,£1.00 / 100g,https://assets.sainsburys-groceries.co.uk/gol/2024431/image.jpg,https://www.sainsburys.co.uk/shop/gb/groceries/product/details/cadbury-dairy-milk-wholenut-200g,Sainsburys
Maltesers Chocolate Box 110g,150.0,£1.36 / 100g,https://assets.sainsburys-groceries.co.uk/gol/7073522/image.jpg,https://www.sainsburys.co.uk/shop/gb/groceries/product/details/maltesers-box-120g,Sainsburys
Maltesers Chocolate Fun Size Bags Multipack 195g,300.0,£1.54 / 100g,https://assets.sainsburys-groceries.co.uk/gol/7153397/image.jpg,https://www.sainsburys.co.uk/shop/gb/groceries/product/details/maltesers-funsize-195g,Sainsburys
Smarties Milk Chocolate Sweets Tube Multipack x4 38g,100.0,66p / 100g,https://assets.sainsburys-groceries.co.uk/gol/7541388/image.jpg,https://www.sainsburys.co.uk/shop/gb/groceries/product/details/smarties-milk-chocolate-sweets-tube-multipack-x4-38g-7541388-p,Sainsburys
Galaxy Smooth Milk Chocolate Bar 110g,150.0,£1.36 / 100g,https://assets.sainsburys-groceries.co.uk/gol/7093375/image.jpg,https://www.sainsburys.co.uk/shop/gb/groceries/product/details/galaxy-milk-chocolate-114g,Sainsburys
Cadbury Twirl Bites Chocolate Bag 109g,100.0,92p / 100g,https://assets.sainsburys-groceries.co.uk/gol/7505026/image.jpg,https://www.sainsburys.co.uk/shop/gb/groceries/product/details/cadbury-twirl-bites-pouch-109g,Sainsburys
Aero Peppermint Mint Chocolate Bar Multipack x4 27g,150.0,£1.39 / 100g,https://assets.sainsburys-groceries.co.uk/gol/7731536/image.jpg,https://www.sainsburys.co.uk/shop/gb/groceries/product/details/aero-peppermint-mint-chocolate-bar-multipack-x4-27g-7731536-p,Sainsburys
Mars Chocolate Bars Multipack 4x39.4g,150.0,95p / 100g,https://assets.sainsburys-groceries.co.uk/gol/7742891/image.jpg,https://www.sainsburys.co.uk/shop/gb/groceries/product/details/mars-x4,Sainsburys
M&M's Peanut Chocolate Pouch Bag 125g,150.0,£1.20 / 100g,https://assets.sainsburys-groceries.co.uk/gol/7073481/image.jpg,https://www.sainsburys.co.uk/shop/gb/groceries/product/details/m-ms-peanut-pouch-165g,Sainsburys
Snickers Chocolate Bars Multipack 4x41.7g,150.0,90p / 100g,https://assets.sainsburys-groceries.co.uk/gol/7742899/image.jpg,https://www.sainsburys.co.uk/shop/gb/groceries/product/details/snickers-x4,Sainsburys
Green & Black's Organic Milk Chocolate Bar 90g,150.0,£1.67 / 100g,https://assets.sainsburys-groceries.co.uk/gol/2577678/image.jpg,https://www.sainsburys.co.uk/shop/gb/groceries/product/details/green---blacks-organic-milk-chocolate-100g,Sainsburys
Kinder Chocolate 16x12.5g 200g,200.0,£1.00 / 100g,https://assets.sainsburys-groceries.co.uk/gol/6010830/image.jpg,https://www.sainsburys.co.uk/shop/gb/groceries/product/details/kinder-chocolate-x16-200g,Sainsburys
Celebrations Chocolate Gift Box 240g,200.0,83p / 100g,https://assets.sainsburys-groceries.co.uk/gol/7707062/image.jpg,https://www.sainsburys.co.uk/shop/gb/groceries/product/details/celebrations-8-famous-chocolate-brands-245g,Sainsburys
Mars Chocolate Snack Size Bars Multipack 9x33.8g,200.0,66p / 100g,https://assets.sainsburys-groceries.co.uk/gol/7742887/image.jpg,https://www.sainsburys.co.uk/shop/gb/groceries/product/details/mars-x9,Sainsburys
Lindt Excellence Dark 90% Cocoa Chocolate Bar 100g,200.0,£2.00 / 100g,https://assets.sainsburys-groceries.co.uk/gol/7003710/image.jpg,https://www.sainsburys.co.uk/shop/gb/groceries/product/details/lindt-excellence-dark-90-cocoa-chocolate-bar-100g,Sainsburys
Galaxy Ripple Chocolate Bars Multipack 4x33g,150.0,£1.14 / 100g,https://assets.sainsburys-groceries.co.uk/gol/6636815/image.jpg,https://www.sainsburys.co.uk/shop/gb/groceries/product/details/galaxy-ripple-4x33g,Sainsburys
Lindt Excellence Dark Orange Chocolate Bar 100g,200.0,£2.00 / 100g,https://assets.sainsburys-groceries.co.uk/gol/6294949/image.jpg,https://www.sainsburys.co.uk/shop/gb/groceries/product/details/lindt-excellence-intense-orange-100g,Sainsburys
Milkybar White Chocolate Giant Buttons Pouch 94g,150.0,£1.60 / 100g,https://assets.sainsburys-groceries.co.uk/gol/7541227/image.jpg,https://www.sainsburys.co.uk/shop/gb/groceries/product/details/nestle-milkybar-giant-chocolate-buttons-pouch-126g,Sainsburys
Kit Kat 2 Finger Dark Chocolate Biscuit Bar 9x20.7g,150.0,80p / 100g,https://assets.sainsburys-groceries.co.uk/gol/7876458/image.jpg,https://www.sainsburys.co.uk/shop/gb/groceries/product/details/kit-kat-2-finger-dark-chocolate-biscuit-bar-multipack-x9-207g-7876458-p,Sainsburys
Lindt Excellence Dark Caramel and Sea Salt Chocolate Bar 100g,200.0,£2.00 / 100g,https://assets.sainsburys-groceries.co.uk/gol/7563098/image.jpg,https://www.sainsburys.co.uk/shop/gb/groceries/product/details/lindt-excellence-dark-caramel-salt-100g,Sainsburys
Lindt Excellence Dark Sea Salt Chocolate Bar 100g,200.0,£2.00 / 100g,https://assets.sainsburys-groceries.co.uk/gol/7244023/image.jpg,https://www.sainsburys.co.uk/shop/gb/groceries/product/details/lindt-excellence-sea-salt-dark-100g,Sainsburys
Galaxy Counters Chocolate Pouch Bag 122g,150.0,£1.23 / 100g,https://assets.sainsburys-groceries.co.uk/gol/7273820/image.jpg,https://www.sainsburys.co.uk/shop/gb/groceries/product/details/galaxy-counters-pouch-126g,Sainsburys
Cadbury Dairy Milk Fruit & Nut Chocolate Bar 110g,100.0,91p / 100g,https://assets.sainsburys-groceries.co.uk/gol/7448510/image.jpg,https://www.sainsburys.co.uk/shop/gb/groceries/product/details/cadbury-dairy-milk-fruit---nut-120g,Sainsburys
Cadbury Dairy Milk Caramel Nibbles Chocolate Bag 120g,100.0,83p / 100g,https://assets.sainsburys-groceries.co.uk/gol/7171807/image.jpg,https://www.sainsburys.co.uk/shop/gb/groceries/product/details/cadbury-caramel-nibbles-160g,Sainsburys
Snickers Chocolate Snack Size Bars Multipack 9x35.5g,200.0,62p / 100g,https://assets.sainsburys-groceries.co.uk/gol/7742893/image.jpg,https://www.sainsburys.co.uk/shop/gb/groceries/product/details/snickers-x9,Sainsburys
Lindt Excellence Dark Mint Chocolate Bar 100g,200.0,£2.00 / 100g,https://assets.sainsburys-groceries.co.uk/gol/6369454/image.jpg,https://www.sainsburys.co.uk/shop/gb/groceries/product/details/lindt-excellence-mint-bar-100g,Sainsburys
Cadbury Chocolate Eclairs Bag 166g,100.0,60p / 100g,https://assets.sainsburys-groceries.co.uk/gol/7528750/image.jpg,https://www.sainsburys.co.uk/shop/gb/groceries/product/details/cadbury-eclairs-180g,Sainsburys
Lindt Excellence Dark 85% Cocoa Chocolate Bar 100g,200.0,£2.00 / 100g,https://assets.sainsburys-groceries.co.uk/gol/3522783/image.jpg,https://www.sainsburys.co.uk/shop/gb/groceries/product/details/lindt-excellence-dark-85-cocoa-chocolate-bar-100g,Sainsburys
Kit Kat 4 Finger Milk Chocolate Bar Multipack x8 41.5g,200.0,60p / 100g,https://assets.sainsburys-groceries.co.uk/gol/7541366/image.jpg,https://www.sainsburys.co.uk/shop/gb/groceries/product/details/kit-kat-4-finger-milk-chocolate-bar-multipack-x8-415g-7541366-p,Sainsburys
Cadbury Dairy Milk Giant Buttons Chocolate Big Share Bag 240g,250.0,£1.04 / 100g,https://assets.sainsburys-groceries.co.uk/gol/7857567/image.jpg,https://www.sainsburys.co.uk/shop/gb/groceries/product/details/cadbury-dairy-milk-giant-buttons-chocolate-bag-252g,Sainsburys
Sainsbury's Milk Chocolate 200g,100.0,50p / 100g,https://assets.sainsburys-groceries.co.uk/gol/7412265/image.jpg,https://www.sainsburys.co.uk/shop/gb/groceries/product/details/sainsburys-milk-chocolate--fairtrade-200g,Sainsburys
Maltesers Chocolate More to Share Pouch Bag 189g,200.0,£1.06 / 100g,https://assets.sainsburys-groceries.co.uk/gol/7795429/image.jpg,https://www.sainsburys.co.uk/shop/gb/groceries/product/details/maltesers-large-pouch-184g,Sainsburys
Revels Chocolate Pouch Bag 112g,150.0,£1.34 / 100g,https://assets.sainsburys-groceries.co.uk/gol/7073471/image.jpg,https://www.sainsburys.co.uk/shop/gb/groceries/product/details/revels-pouch-126g,Sainsburys
Cadbury Twirl Chocolate Multipack 4 X34g,98.0,£0.72/100g,https://img.tesco.com/Groceries/pi/191/5034660520191/IDShot_225x225.jpg,https://www.tesco.com/groceries/en-GB/products/266712758,Tesco
Cadbury Crunchie Chocolate Multipack 4 X32g,98.0,£0.77/100g,https://img.tesco.com/Groceries/pi/396/7622210255396/IDShot_225x225.jpg,https://www.tesco.com/groceries/en-GB/products/283787361,Tesco
Cadbury Dairy Milk Chocolate Bar 110G,98.0,£0.89/100g,https://img.tesco.com/Groceries/pi/759/7622300845759/IDShot_225x225.jpg,https://www.tesco.com/groceries/en-GB/products/284117451,Tesco
Cadbury Wispa Chocolate Multipack 4 X30g,98.0,£0.82/100g,https://img.tesco.com/Groceries/pi/372/7622210255372/IDShot_225x225.jpg,https://www.tesco.com/groceries/en-GB/products/283787257,Tesco
Ms Molly's Milk Chocolate Bar 100G,30.0,£0.30/100g,"data:image/gif;base64,R0lGODlhAQABAAAAACH5BAEKAAEALAAAAAABAAEAAAICTAEAOw==",https://www.tesco.com/groceries/en-GB/products/300795072,Tesco
Cadbury Marvellous Creations Jelly Popping Candy Chocolate Bar 180G,180.0,£1.00/100g,"data:image/gif;base64,R0lGODlhAQABAAAAACH5BAEKAAEALAAAAAABAAEAAAICTAEAOw==",https://www.tesco.com/groceries/en-GB/products/289953063,Tesco
Cadbury Dairy Milk Whole Nut Chocolate Bar 200G,180.0,£0.90/100g,"data:image/gif;base64,R0lGODlhAQABAAAAACH5BAEKAAEALAAAAAABAAEAAAICTAEAOw==",https://www.tesco.com/groceries/en-GB/products/273625804,Tesco
Aero Peppermint Chocolate Multipack 4 X27g,100.0,£0.93/100g,"data:image/gif;base64,R0lGODlhAQABAAAAACH5BAEKAAEALAAAAAABAAEAAAICTAEAOw==",https://www.tesco.com/groceries/en-GB/products/268592982,Tesco
Cadbury Dairy Milk Caramel Chocolate Multipack 4 X37g,98.0,£0.66/100g,"data:image/gif;base64,R0lGODlhAQABAAAAACH5BAEKAAEALAAAAAABAAEAAAICTAEAOw==",https://www.tesco.com/groceries/en-GB/products/292215265,Tesco
Cadbury Dairy Milk Chocolate Bar 360G,300.0,£0.83/100g,"data:image/gif;base64,R0lGODlhAQABAAAAACH5BAEKAAEALAAAAAABAAEAAAICTAEAOw==",https://www.tesco.com/groceries/en-GB/products/275027686,Tesco
Cadbury Dairy Milk Fruit & Nut Chocolate Bar 110G,98.0,£0.89/100g,"data:image/gif;base64,R0lGODlhAQABAAAAACH5BAEKAAEALAAAAAABAAEAAAICTAEAOw==",https://www.tesco.com/groceries/en-GB/products/293597030,Tesco
Kinder Chocolate 4 Pack 50G,60.0,£1.20/100g,"data:image/gif;base64,R0lGODlhAQABAAAAACH5BAEKAAEALAAAAAABAAEAAAICTAEAOw==",https://www.tesco.com/groceries/en-GB/products/275356601,Tesco
Tesco Milk Chocolate Bar 200G,100.0,£0.50/100g,"data:image/gif;base64,R0lGODlhAQABAAAAACH5BAEKAAEALAAAAAABAAEAAAICTAEAOw==",https://www.tesco.com/groceries/en-GB/products/300794925,Tesco
Cadbury Dairy Milk Caramel Chocolate Bar 120G,98.0,£0.82/100g,"data:image/gif;base64,R0lGODlhAQABAAAAACH5BAEKAAEALAAAAAABAAEAAAICTAEAOw==",https://www.tesco.com/groceries/en-GB/products/275523317,Tesco
Galaxy Chocolate Multipack 4 X42g,125.0,£0.74/100g,"data:image/gif;base64,R0lGODlhAQABAAAAACH5BAEKAAEALAAAAAABAAEAAAICTAEAOw==",https://www.tesco.com/groceries/en-GB/products/280036005,Tesco
Tesco Classic 74% Dark Chocolate 100G,100.0,£1.00/100g,"data:image/gif;base64,R0lGODlhAQABAAAAACH5BAEKAAEALAAAAAABAAEAAAICTAEAOw==",https://www.tesco.com/groceries/en-GB/products/300794885,Tesco
Cadbury Dairy Milk Crunchie Bit Chocolate Bar 200G,180.0,£0.90/100g,"data:image/gif;base64,R0lGODlhAQABAAAAACH5BAEKAAEALAAAAAABAAEAAAICTAEAOw==",https://www.tesco.com/groceries/en-GB/products/273626838,Tesco
Cadbury Dairy Milk Chocolate Bar 200G,180.0,£0.90/100g,"data:image/gif;base64,R0lGODlhAQABAAAAACH5BAEKAAEALAAAAAABAAEAAAICTAEAOw==",https://www.tesco.com/groceries/en-GB/products/273968548,Tesco
Toffee Crisp Chocolate Multipack 4 X38g,100.0,£0.66/100g,"data:image/gif;base64,R0lGODlhAQABAAAAACH5BAEKAAEALAAAAAABAAEAAAICTAEAOw==",https://www.tesco.com/groceries/en-GB/products/287522559,Tesco
Snickers Chocolate Multipack 4 X41.7G,125.0,£0.75/100g,"data:image/gif;base64,R0lGODlhAQABAAAAACH5BAEKAAEALAAAAAABAAEAAAICTAEAOw==",https://www.tesco.com/groceries/en-GB/products/287853000,Tesco
Tesco Milk Chocolate Raisins 200G,75.0,£0.38/100g,"data:image/gif;base64,R0lGODlhAQABAAAAACH5BAEKAAEALAAAAAABAAEAAAICTAEAOw==",https://www.tesco.com/groceries/en-GB/products/300792956,Tesco
Cadbury Dairy Milk Giant Buttons 119G,100.0,£0.84/100g,"data:image/gif;base64,R0lGODlhAQABAAAAACH5BAEKAAEALAAAAAABAAEAAAICTAEAOw==",https://www.tesco.com/groceries/en-GB/products/285383766,Tesco
Lion Bar Milk Chocolate Multipack 4 X42g,100.0,£0.60/100g,"data:image/gif;base64,R0lGODlhAQABAAAAACH5BAEKAAEALAAAAAABAAEAAAICTAEAOw==",https://www.tesco.com/groceries/en-GB/products/289880422,Tesco
Lindt Excellence Dark 70% Cocoa Chocolate Bar 100G,200.0,£2.00/100g,"data:image/gif;base64,R0lGODlhAQABAAAAACH5BAEKAAEALAAAAAABAAEAAAICTAEAOw==",https://www.tesco.com/groceries/en-GB/products/259301725,Tesco
